Year,Sex,Rank,Name,Count
1974,Male,24,AARON,1258
2011,Male,25,AARON,1530
2013,Male,25,AARON,1519
2014,Male,21,AARON,1649
2016,Male,22,AARON,1556
2017,Male,18,AARON,1528
2003,Female,22,ABIGAIL,1264
2004,Female,17,ABIGAIL,1318
2005,Female,15,ABIGAIL,1372
2006,Female,9,ABIGAIL,1477
2007,Female,13,ABIGAIL,1432
2008,Female,9,ABIGAIL,1570
2009,Female,9,ABIGAIL,1552
2010,Female,8,ABIGAIL,1617
2011,Female,8,ABIGAIL,1556
2012,Female,8,ABIGAIL,1642
2013,Female,8,ABIGAIL,1490
2014,Female,9,ABIGAIL,1524
2015,Female,8,ABIGAIL,1764
2016,Female,10,ABIGAIL,1586
2017,Female,9,ABIGAIL,1544
2018,Female,12,ABIGAIL,1376
2019,Female,12,ABIGAIL,1298
2020,Female,14,ABIGAIL,1067
2021,Female,19,ABIGAIL,926
1984,Male,24,ADAM,2064
2006,Male,19,ADRIAN,2108
2007,Male,18,ADRIAN,2150
2008,Male,18,ADRIAN,2140
2009,Male,16,ADRIAN,2099
2010,Male,17,ADRIAN,1964
2011,Male,20,ADRIAN,1810
2012,Male,18,ADRIAN,1787
2013,Male,20,ADRIAN,1677
2014,Male,24,ADRIAN,1576
2015,Male,24,ADRIAN,1517
2020,Male,23,ADRIAN,1093
2021,Male,25,ADRIAN,1067
2009,Male,21,AIDEN,1803
2010,Male,19,AIDEN,1935
2011,Male,16,AIDEN,1903
2012,Male,13,AIDEN,1982
2013,Male,16,AIDEN,1761
2014,Male,15,AIDEN,1867
2015,Male,12,AIDEN,1896
2016,Male,14,AIDEN,1748
2017,Male,15,AIDEN,1632
2018,Male,15,AIDEN,1479
2019,Male,16,AIDEN,1405
2020,Male,15,AIDEN,1273
2021,Male,15,AIDEN,1241
2006,Female,19,ALEXA,1241
2007,Female,24,ALEXA,1158
2009,Female,22,ALEXA,1026
2010,Female,21,ALEXA,991
2011,Female,24,ALEXA,905
2013,Female,24,ALEXA,824
2015,Female,11,ALEXA,1435
2016,Female,17,ALEXA,1025
1988,Male,23,ALEXANDER,2266
1989,Male,22,ALEXANDER,2304
1990,Male,23,ALEXANDER,2536
1991,Male,20,ALEXANDER,2722
1992,Male,18,ALEXANDER,2811
1993,Male,16,ALEXANDER,2793
1994,Male,18,ALEXANDER,2552
1995,Male,19,ALEXANDER,2453
1996,Male,19,ALEXANDER,2258
1997,Male,20,ALEXANDER,2162
1998,Male,19,ALEXANDER,2228
1999,Male,20,ALEXANDER,2226
2000,Male,21,ALEXANDER,2173
2001,Male,21,ALEXANDER,2065
2002,Male,14,ALEXANDER,2382
2003,Male,15,ALEXANDER,2365
2004,Male,14,ALEXANDER,2446
2005,Male,14,ALEXANDER,2448
2006,Male,14,ALEXANDER,2487
2007,Male,11,ALEXANDER,2599
2008,Male,6,ALEXANDER,2865
2009,Male,5,ALEXANDER,2875
2010,Male,4,ALEXANDER,2593
2011,Male,6,ALEXANDER,2454
2012,Male,7,ALEXANDER,2415
2013,Male,7,ALEXANDER,2374
2014,Male,5,ALEXANDER,2485
2015,Male,6,ALEXANDER,2304
2016,Male,7,ALEXANDER,2218
2017,Male,9,ALEXANDER,1998
2018,Male,8,ALEXANDER,1908
2019,Male,7,ALEXANDER,1838
2020,Male,9,ALEXANDER,1591
2021,Male,9,ALEXANDER,1495
1991,Female,25,ALEXANDRA,1457
1992,Female,23,ALEXANDRA,1463
1993,Female,19,ALEXANDRA,1559
1995,Female,24,ALEXANDRA,1343
1994,Female,19,ALEXIS,1497
1995,Female,14,ALEXIS,1635
1996,Female,11,ALEXIS,1826
1997,Female,10,ALEXIS,1883
1998,Female,7,ALEXIS,2022
1999,Female,7,ALEXIS,1966
2000,Female,10,ALEXIS,1825
2001,Female,9,ALEXIS,1662
2002,Female,11,ALEXIS,1581
2003,Female,12,ALEXIS,1549
2004,Female,15,ALEXIS,1437
2005,Female,21,ALEXIS,1204
2009,Female,24,ALEXIS,980
2014,Female,24,ALLISON,905
2015,Female,24,ALLISON,902
1990,Female,20,ALYSSA,1630
1993,Female,24,ALYSSA,1467
1994,Female,24,ALYSSA,1421
1995,Female,23,ALYSSA,1345
1996,Female,16,ALYSSA,1545
1997,Female,13,ALYSSA,1725
1998,Female,9,ALYSSA,1953
1999,Female,6,ALYSSA,2067
2000,Female,6,ALYSSA,2003
2001,Female,5,ALYSSA,2051
2002,Female,7,ALYSSA,1869
2003,Female,5,ALYSSA,1920
2004,Female,6,ALYSSA,1806
2005,Female,9,ALYSSA,1617
2006,Female,13,ALYSSA,1398
2007,Female,9,ALYSSA,1556
2008,Female,15,ALYSSA,1357
2009,Female,17,ALYSSA,1204
2010,Female,17,ALYSSA,1065
2011,Female,20,ALYSSA,932
1976,Female,23,AMANDA,958
1977,Female,22,AMANDA,1092
1978,Female,18,AMANDA,1175
1979,Female,12,AMANDA,1585
1980,Female,10,AMANDA,1871
1981,Female,9,AMANDA,2106
1982,Female,8,AMANDA,2249
1983,Female,11,AMANDA,2239
1984,Female,8,AMANDA,2299
1985,Female,4,AMANDA,3180
1986,Female,4,AMANDA,3503
1987,Female,4,AMANDA,3902
1988,Female,4,AMANDA,3818
1989,Female,3,AMANDA,3809
1990,Female,4,AMANDA,3803
1991,Female,5,AMANDA,3198
1992,Female,6,AMANDA,2776
1993,Female,8,AMANDA,2377
1994,Female,9,AMANDA,2158
1995,Female,9,AMANDA,2001
1996,Female,15,AMANDA,1633
1997,Female,19,AMANDA,1399
1998,Female,23,AMANDA,1316
1977,Female,25,AMBER,1005
1978,Female,21,AMBER,1094
1979,Female,17,AMBER,1352
1980,Female,14,AMBER,1481
1981,Female,12,AMBER,1568
1982,Female,14,AMBER,1611
1983,Female,15,AMBER,1541
1984,Female,17,AMBER,1565
1985,Female,16,AMBER,1644
1986,Female,17,AMBER,1667
1987,Female,19,AMBER,1561
1988,Female,20,AMBER,1618
1989,Female,22,AMBER,1459
1990,Female,25,AMBER,1415
2016,Female,16,AMELIA,1055
2017,Female,17,AMELIA,1072
2018,Female,15,AMELIA,1207
2019,Female,13,AMELIA,1278
2020,Female,10,AMELIA,1255
2021,Female,8,AMELIA,1375
1970,Female,17,AMY,1296
1971,Female,12,AMY,1382
1972,Female,9,AMY,1423
1973,Female,8,AMY,1595
1974,Female,6,AMY,1840
1975,Female,4,AMY,2193
1976,Female,3,AMY,2210
1977,Female,11,AMY,1613
1978,Female,14,AMY,1383
1979,Female,15,AMY,1371
1980,Female,22,AMY,1280
1981,Female,16,AMY,1435
1982,Female,17,AMY,1404
1983,Female,23,AMY,1306
1984,Female,24,AMY,1279
1985,Female,25,AMY,1234
1972,Female,24,ANDREA,839
1973,Female,23,ANDREA,819
1974,Female,25,ANDREA,859
1975,Female,25,ANDREA,873
1976,Female,25,ANDREA,899
1977,Female,24,ANDREA,1049
1978,Female,22,ANDREA,1072
1979,Female,22,ANDREA,1146
1980,Female,25,ANDREA,1101
1981,Female,23,ANDREA,1269
1982,Female,25,ANDREA,1234
1984,Female,25,ANDREA,1255
1990,Female,24,ANDREA,1426
1991,Female,21,ANDREA,1501
1992,Female,19,ANDREA,1583
1993,Female,23,ANDREA,1479
1994,Female,25,ANDREA,1385
1995,Female,22,ANDREA,1353
1996,Female,22,ANDREA,1359
1999,Female,21,ANDREA,1307
2000,Female,19,ANDREA,1409
2001,Female,14,ANDREA,1511
2002,Female,17,ANDREA,1340
2003,Female,20,ANDREA,1320
2004,Female,16,ANDREA,1376
2005,Female,22,ANDREA,1203
2006,Female,17,ANDREA,1317
2007,Female,20,ANDREA,1269
2008,Female,21,ANDREA,1110
2009,Female,21,ANDREA,1050
2011,Female,20,ANDREA,932
1977,Male,25,ANDREW,1355
1978,Male,23,ANDREW,1466
1979,Male,24,ANDREW,1563
1980,Male,21,ANDREW,1739
1981,Male,23,ANDREW,1845
1982,Male,18,ANDREW,2322
1983,Male,15,ANDREW,2615
1984,Male,15,ANDREW,2751
1985,Male,9,ANDREW,3421
1986,Male,6,ANDREW,3990
1987,Male,6,ANDREW,4366
1988,Male,6,ANDREW,4563
1989,Male,6,ANDREW,4360
1990,Male,7,ANDREW,4481
1991,Male,7,ANDREW,4247
1992,Male,6,ANDREW,4112
1993,Male,6,ANDREW,3911
1994,Male,7,ANDREW,3756
1995,Male,7,ANDREW,3609
1996,Male,7,ANDREW,3540
1997,Male,7,ANDREW,3527
1998,Male,7,ANDREW,3430
1999,Male,5,ANDREW,3577
2000,Male,4,ANDREW,3572
2001,Male,3,ANDREW,3420
2002,Male,4,ANDREW,3523
2003,Male,3,ANDREW,3443
2004,Male,3,ANDREW,3471
2005,Male,7,ANDREW,3139
2006,Male,6,ANDREW,3120
2007,Male,6,ANDREW,3015
2008,Male,7,ANDREW,2829
2009,Male,8,ANDREW,2580
2010,Male,9,ANDREW,2372
2011,Male,9,ANDREW,2278
2012,Male,11,ANDREW,2138
2013,Male,12,ANDREW,1919
2014,Male,13,ANDREW,1904
2015,Male,20,ANDREW,1607
1998,Male,22,ANGEL,1946
1999,Male,22,ANGEL,2038
2000,Male,17,ANGEL,2353
2001,Male,13,ANGEL,2492
2002,Male,10,ANGEL,2912
2003,Male,7,ANGEL,3241
2004,Male,8,ANGEL,3241
2005,Male,3,ANGEL,3551
2006,Male,3,ANGEL,3720
2007,Male,3,ANGEL,3539
2008,Male,3,ANGEL,3194
2009,Male,3,ANGEL,3034
2010,Male,5,ANGEL,2553
2011,Male,12,ANGEL,2161
2012,Male,14,ANGEL,1946
2013,Male,17,ANGEL,1758
2014,Male,20,ANGEL,1650
2015,Male,22,ANGEL,1534
1967,Female,22,ANGELA,1112
1968,Female,19,ANGELA,1254
1969,Female,17,ANGELA,1301
1970,Female,14,ANGELA,1508
1971,Female,14,ANGELA,1352
1972,Female,15,ANGELA,1200
1973,Female,19,ANGELA,1013
1974,Female,12,ANGELA,1262
1975,Female,11,ANGELA,1400
1976,Female,13,ANGELA,1388
1977,Female,14,ANGELA,1400
1978,Female,12,ANGELA,1433
1979,Female,13,ANGELA,1486
1980,Female,19,ANGELA,1329
1981,Female,22,ANGELA,1281
1982,Female,24,ANGELA,1239
2005,Female,23,ANGELINA,1179
2006,Female,23,ANGELINA,1157
1960,Male,24,ANTHONY,1906
1961,Male,25,ANTHONY,1999
1962,Male,24,ANTHONY,2001
1963,Male,24,ANTHONY,2063
1964,Male,23,ANTHONY,1970
1965,Male,23,ANTHONY,2017
1966,Male,19,ANTHONY,2056
1967,Male,16,ANTHONY,2187
1968,Male,19,ANTHONY,2086
1969,Male,18,ANTHONY,2152
1970,Male,20,ANTHONY,2114
1971,Male,20,ANTHONY,1798
1972,Male,19,ANTHONY,1674
1973,Male,19,ANTHONY,1609
1974,Male,19,ANTHONY,1631
1975,Male,20,ANTHONY,1623
1976,Male,17,ANTHONY,1737
1977,Male,17,ANTHONY,1880
1978,Male,15,ANTHONY,2049
1979,Male,15,ANTHONY,2083
1980,Male,18,ANTHONY,2083
1981,Male,16,ANTHONY,2340
1982,Male,16,ANTHONY,2473
1983,Male,16,ANTHONY,2464
1984,Male,13,ANTHONY,2839
1985,Male,11,ANTHONY,3094
1986,Male,10,ANTHONY,3108
1987,Male,10,ANTHONY,3424
1988,Male,9,ANTHONY,3581
1989,Male,9,ANTHONY,3705
1990,Male,10,ANTHONY,3908
1991,Male,9,ANTHONY,4110
1992,Male,8,ANTHONY,3949
1993,Male,7,ANTHONY,3821
1994,Male,6,ANTHONY,3856
1995,Male,6,ANTHONY,3901
1996,Male,6,ANTHONY,3845
1997,Male,4,ANTHONY,3854
1998,Male,4,ANTHONY,3864
1999,Male,3,ANTHONY,3786
2000,Male,2,ANTHONY,3823
2001,Male,2,ANTHONY,3801
2002,Male,2,ANTHONY,3755
2003,Male,2,ANTHONY,3918
2004,Male,2,ANTHONY,3799
2005,Male,2,ANTHONY,3721
2006,Male,2,ANTHONY,3770
2007,Male,2,ANTHONY,3773
2008,Male,2,ANTHONY,3624
2009,Male,2,ANTHONY,3077
2010,Male,3,ANTHONY,2850
2011,Male,4,ANTHONY,2677
2012,Male,8,ANTHONY,2412
2013,Male,8,ANTHONY,2225
2014,Male,8,ANTHONY,2074
2015,Male,16,ANTHONY,1766
2016,Male,17,ANTHONY,1654
2017,Male,24,ANTHONY,1439
2019,Male,24,ANTHONY,1226
2015,Female,25,ARIA,897
2016,Female,20,ARIA,1004
2017,Female,18,ARIA,1064
2018,Female,17,ARIA,1080
2019,Female,18,ARIA,1043
2020,Female,19,ARIA,935
2021,Female,15,ARIA,1002
1983,Female,9,ASHLEY,2293
1984,Female,3,ASHLEY,3006
1985,Female,3,ASHLEY,3931
1986,Female,2,ASHLEY,4419
1987,Female,2,ASHLEY,5045
1988,Female,2,ASHLEY,4800
1989,Female,2,ASHLEY,4459
1990,Female,2,ASHLEY,4464
1991,Female,2,ASHLEY,4185
1992,Female,2,ASHLEY,3926
1993,Female,2,ASHLEY,3541
1994,Female,2,ASHLEY,3147
1995,Female,2,ASHLEY,2880
1996,Female,2,ASHLEY,2663
1997,Female,3,ASHLEY,2605
1998,Female,2,ASHLEY,2696
1999,Female,4,ASHLEY,2593
2000,Female,2,ASHLEY,2815
2001,Female,2,ASHLEY,2707
2002,Female,2,ASHLEY,2670
2003,Female,2,ASHLEY,2732
2004,Female,2,ASHLEY,2927
2005,Female,2,ASHLEY,2777
2006,Female,3,ASHLEY,2605
2007,Female,4,ASHLEY,2517
2008,Female,5,ASHLEY,2039
2009,Female,8,ASHLEY,1618
2010,Female,13,ASHLEY,1312
2011,Female,16,ASHLEY,1152
2012,Female,18,ASHLEY,998
2012,Female,24,AUDREY,855
2013,Female,18,AUDREY,992
2014,Female,25,AUDREY,902
1995,Male,24,AUSTIN,2145
1996,Male,22,AUSTIN,2096
1997,Male,23,AUSTIN,1935
2005,Female,18,AVA,1227
2006,Female,10,AVA,1469
2007,Female,12,AVA,1480
2008,Female,10,AVA,1468
2009,Female,11,AVA,1338
2010,Female,10,AVA,1403
2011,Female,12,AVA,1373
2012,Female,11,AVA,1405
2013,Female,12,AVA,1341
2014,Female,11,AVA,1434
2015,Female,10,AVA,1535
2016,Female,9,AVA,1609
2017,Female,10,AVA,1524
2018,Female,11,AVA,1391
2019,Female,9,AVA,1420
2020,Female,12,AVA,1230
2021,Female,11,AVA,1269
2015,Female,23,AVERY,923
2016,Female,22,AVERY,961
2018,Female,23,AVERY,849
2019,Female,23,AVERY,830
1960,Female,21,BARBARA,1605
1961,Female,24,BARBARA,1494
1962,Female,24,BARBARA,1398
2010,Female,25,BELLA,902
2011,Male,24,BENJAMIN,1587
2012,Male,22,BENJAMIN,1671
2013,Male,14,BENJAMIN,1844
2014,Male,14,BENJAMIN,1873
2015,Male,15,BENJAMIN,1819
2016,Male,10,BENJAMIN,1914
2017,Male,11,BENJAMIN,1850
2018,Male,9,BENJAMIN,1768
2019,Male,8,BENJAMIN,1760
2020,Male,7,BENJAMIN,1648
2021,Male,6,BENJAMIN,1617
1981,Male,22,BRANDON,1915
1982,Male,24,BRANDON,1915
1983,Male,23,BRANDON,2183
1984,Male,20,BRANDON,2367
1985,Male,16,BRANDON,2703
1986,Male,18,BRANDON,2524
1987,Male,23,BRANDON,2313
1988,Male,22,BRANDON,2355
1991,Male,18,BRANDON,2736
1992,Male,14,BRANDON,3108
1993,Male,15,BRANDON,3013
1994,Male,12,BRANDON,3258
1995,Male,15,BRANDON,2779
1996,Male,15,BRANDON,2818
1997,Male,13,BRANDON,2818
1998,Male,14,BRANDON,2727
1999,Male,15,BRANDON,2475
2000,Male,13,BRANDON,2614
2001,Male,18,BRANDON,2265
2002,Male,17,BRANDON,2257
2003,Male,16,BRANDON,2361
2004,Male,18,BRANDON,2207
2005,Male,21,BRANDON,2115
2006,Male,22,BRANDON,2068
2007,Male,19,BRANDON,2146
2008,Male,20,BRANDON,2013
2009,Male,25,BRANDON,1720
2010,Male,25,BRANDON,1562
1960,Male,22,BRIAN,1968
1961,Male,24,BRIAN,2026
1962,Male,23,BRIAN,2061
1963,Male,22,BRIAN,2264
1964,Male,22,BRIAN,2083
1965,Male,19,BRIAN,2162
1966,Male,14,BRIAN,2363
1967,Male,14,BRIAN,2441
1968,Male,13,BRIAN,2650
1969,Male,10,BRIAN,2796
1970,Male,14,BRIAN,2621
1971,Male,10,BRIAN,2452
1972,Male,8,BRIAN,2897
1973,Male,8,BRIAN,2798
1974,Male,7,BRIAN,2952
1975,Male,10,BRIAN,2565
1976,Male,10,BRIAN,2678
1977,Male,8,BRIAN,2933
1978,Male,10,BRIAN,2767
1979,Male,12,BRIAN,2667
1980,Male,14,BRIAN,2737
1981,Male,14,BRIAN,2609
1982,Male,14,BRIAN,2724
1983,Male,14,BRIAN,2670
1984,Male,16,BRIAN,2725
1985,Male,19,BRIAN,2557
1986,Male,23,BRIAN,2283
1987,Male,20,BRIAN,2460
1988,Male,20,BRIAN,2586
1989,Male,23,BRIAN,2297
1990,Male,24,BRIAN,2325
2000,Male,25,BRIAN,1738
1998,Female,21,BRIANNA,1327
1999,Female,20,BRIANNA,1345
2000,Female,17,BRIANNA,1442
2001,Female,18,BRIANNA,1399
2002,Female,16,BRIANNA,1453
2003,Female,21,BRIANNA,1295
2004,Female,23,BRIANNA,1223
2005,Female,16,BRIANNA,1351
2006,Female,14,BRIANNA,1393
2007,Female,17,BRIANNA,1331
2008,Female,19,BRIANNA,1230
2009,Female,18,BRIANNA,1189
2010,Female,18,BRIANNA,1052
1985,Female,22,BRITTANY,1416
1986,Female,13,BRITTANY,1779
1987,Female,13,BRITTANY,1976
1988,Female,10,BRITTANY,2406
1989,Female,8,BRITTANY,2956
1990,Female,9,BRITTANY,2685
1991,Female,12,BRITTANY,2255
1992,Female,16,BRITTANY,1789
1993,Female,18,BRITTANY,1563
2008,Female,22,CAMILA,1100
2009,Female,20,CAMILA,1053
2010,Female,14,CAMILA,1218
2011,Female,11,CAMILA,1449
2012,Female,10,CAMILA,1412
2013,Female,9,CAMILA,1484
2014,Female,10,CAMILA,1482
2015,Female,12,CAMILA,1408
2016,Female,8,CAMILA,1645
2017,Female,7,CAMILA,1782
2018,Female,6,CAMILA,2086
2019,Female,5,CAMILA,2073
2020,Female,2,CAMILA,2192
2021,Female,3,CAMILA,2076
1999,Male,24,CARLOS,1967
2000,Male,24,CARLOS,1773
2001,Male,24,CARLOS,1916
1960,Female,25,CAROL,1322
1960,Male,19,CHARLES,2172
1961,Male,20,CHARLES,2172
1962,Male,22,CHARLES,2077
1963,Male,23,CHARLES,2103
1964,Male,24,CHARLES,1880
1965,Male,25,CHARLES,1714
1966,Male,25,CHARLES,1612
1967,Male,25,CHARLES,1545
1968,Male,25,CHARLES,1523
1969,Male,25,CHARLES,1572
1970,Male,25,CHARLES,1609
1971,Male,25,CHARLES,1318
2012,Female,21,CHARLOTTE,911
2013,Female,15,CHARLOTTE,1057
2014,Female,13,CHARLOTTE,1122
2015,Female,13,CHARLOTTE,1338
2016,Female,12,CHARLOTTE,1378
2017,Female,12,CHARLOTTE,1387
2018,Female,13,CHARLOTTE,1337
2019,Female,14,CHARLOTTE,1225
2020,Female,13,CHARLOTTE,1182
2021,Female,12,CHARLOTTE,1145
1992,Female,20,CHELSEA,1533
1960,Female,20,CHERYL,1639
1961,Female,21,CHERYL,1582
1962,Female,23,CHERYL,1438
2007,Female,23,CHLOE,1168
2008,Female,16,CHLOE,1355
2009,Female,13,CHLOE,1304
2010,Female,12,CHLOE,1366
2011,Female,14,CHLOE,1272
2012,Female,15,CHLOE,1092
2013,Female,16,CHLOE,1044
2014,Female,17,CHLOE,1051
2015,Female,21,CHLOE,950
2016,Female,21,CHLOE,978
2017,Female,21,CHLOE,949
2018,Female,20,CHLOE,924
2019,Female,22,CHLOE,876
2020,Female,21,CHLOE,814
2021,Female,22,CHLOE,784
1992,Male,19,CHRISTIAN,2809
1993,Male,17,CHRISTIAN,2768
1994,Male,19,CHRISTIAN,2542
1995,Male,16,CHRISTIAN,2761
1996,Male,12,CHRISTIAN,2977
1997,Male,15,CHRISTIAN,2576
1998,Male,16,CHRISTIAN,2353
1999,Male,17,CHRISTIAN,2314
2000,Male,16,CHRISTIAN,2437
2001,Male,15,CHRISTIAN,2324
2002,Male,17,CHRISTIAN,2257
2003,Male,22,CHRISTIAN,2060
2004,Male,21,CHRISTIAN,2030
2005,Male,22,CHRISTIAN,2014
2006,Male,18,CHRISTIAN,2196
2007,Male,21,CHRISTIAN,2059
2008,Male,24,CHRISTIAN,1882
2009,Male,22,CHRISTIAN,1762
2010,Male,24,CHRISTIAN,1594
1960,Female,24,CHRISTIN*,1410
1961,Female,20,CHRISTIN*,1628
1962,Female,17,CHRISTIN*,1732
1963,Female,12,CHRISTIN*,2019
1964,Female,8,CHRISTIN*,2352
1965,Female,4,CHRISTIN*,2462
1966,Female,4,CHRISTIN*,2481
1967,Female,4,CHRISTIN*,2682
1968,Female,3,CHRISTIN*,2999
1969,Female,4,CHRISTIN*,3216
1970,Female,4,CHRISTIN*,3206
1971,Female,4,CHRISTIN*,2811
1972,Female,3,CHRISTIN*,2590
1973,Female,3,CHRISTIN*,2437
1974,Female,3,CHRISTIN*,2449
1975,Female,2,CHRISTIN*,2638
1976,Female,2,CHRISTIN*,2610
1977,Female,2,CHRISTIN*,2648
1978,Female,6,CHRISTINA,2025
1979,Female,7,CHRISTINA,1991
1980,Female,9,CHRISTINA,2082
1981,Female,10,CHRISTINA,2062
1982,Female,9,CHRISTINA,2148
1983,Female,10,CHRISTINA,2277
1984,Female,10,CHRISTINA,2204
1985,Female,9,CHRISTINA,2450
1986,Female,10,CHRISTINA,2302
1987,Female,10,CHRISTINA,2179
1988,Female,14,CHRISTINA,2230
1989,Female,15,CHRISTINA,2064
1990,Female,17,CHRISTINA,1912
1991,Female,17,CHRISTINA,1834
1992,Female,21,CHRISTINA,1499
1960,Male,23,CHRISTOP*,1951
1961,Male,18,CHRISTOP*,2266
1962,Male,20,CHRISTOP*,2219
1963,Male,19,CHRISTOP*,2313
1964,Male,18,CHRISTOP*,2293
1965,Male,12,CHRISTOP*,2645
1966,Male,10,CHRISTOP*,2866
1967,Male,10,CHRISTOP*,2888
1968,Male,7,CHRISTOP*,3153
1969,Male,6,CHRISTOP*,3518
1970,Male,6,CHRISTOP*,3923
1971,Male,6,CHRISTOP*,3996
1972,Male,3,CHRISTOP*,4215
1973,Male,4,CHRISTOP*,3696
1974,Male,4,CHRISTOP*,3897
1975,Male,4,CHRISTOP*,3858
1976,Male,4,CHRISTOP*,3882
1977,Male,4,CHRISTOP*,4094
1978,Male,4,CHRISTOPHER,4127
1979,Male,3,CHRISTOPHER,4785
1980,Male,3,CHRISTOPHER,4824
1981,Male,2,CHRISTOPHER,5226
1982,Male,2,CHRISTOPHER,6095
1983,Male,2,CHRISTOPHER,6374
1984,Male,2,CHRISTOPHER,6536
1985,Male,2,CHRISTOPHER,6774
1986,Male,2,CHRISTOPHER,6503
1987,Male,2,CHRISTOPHER,6564
1988,Male,2,CHRISTOPHER,6504
1989,Male,2,CHRISTOPHER,6417
1990,Male,2,CHRISTOPHER,6537
1991,Male,2,CHRISTOPHER,5672
1992,Male,3,CHRISTOPHER,5102
1993,Male,4,CHRISTOPHER,4600
1994,Male,4,CHRISTOPHER,4172
1995,Male,4,CHRISTOPHER,4013
1996,Male,5,CHRISTOPHER,3896
1997,Male,5,CHRISTOPHER,3680
1998,Male,9,CHRISTOPHER,3386
1999,Male,9,CHRISTOPHER,3237
2000,Male,8,CHRISTOPHER,3311
2001,Male,10,CHRISTOPHER,3006
2002,Male,11,CHRISTOPHER,2886
2003,Male,11,CHRISTOPHER,2785
2004,Male,11,CHRISTOPHER,2758
2005,Male,12,CHRISTOPHER,2589
2006,Male,9,CHRISTOPHER,2869
2007,Male,7,CHRISTOPHER,2978
2008,Male,9,CHRISTOPHER,2607
2009,Male,11,CHRISTOPHER,2386
2010,Male,15,CHRISTOPHER,2027
2011,Male,21,CHRISTOPHER,1773
2012,Male,20,CHRISTOPHER,1716
1981,Female,18,CRYSTAL,1365
1982,Female,12,CRYSTAL,1843
1983,Female,13,CRYSTAL,1886
1984,Female,14,CRYSTAL,1851
1985,Female,18,CRYSTAL,1620
1986,Female,20,CRYSTAL,1590
1987,Female,24,CRYSTAL,1447
1988,Female,21,CRYSTAL,1544
1960,Female,4,CYNTHIA,2982
1961,Female,5,CYNTHIA,2832
1962,Female,5,CYNTHIA,2850
1963,Female,5,CYNTHIA,2559
1964,Female,6,CYNTHIA,2451
1965,Female,6,CYNTHIA,2200
1966,Female,6,CYNTHIA,1940
1967,Female,7,CYNTHIA,1739
1968,Female,9,CYNTHIA,1482
1969,Female,8,CYNTHIA,1566
1970,Female,10,CYNTHIA,1594
1971,Female,10,CYNTHIA,1391
1972,Female,13,CYNTHIA,1310
1973,Female,15,CYNTHIA,1141
1974,Female,20,CYNTHIA,1022
1975,Female,23,CYNTHIA,909
1960,Male,10,DANIEL,3081
1961,Male,10,DANIEL,3212
1962,Male,11,DANIEL,3049
1963,Male,11,DANIEL,3131
1964,Male,10,DANIEL,2940
1965,Male,10,DANIEL,2980
1966,Male,12,DANIEL,2688
1967,Male,11,DANIEL,2624
1968,Male,12,DANIEL,2652
1969,Male,12,DANIEL,2711
1970,Male,15,DANIEL,2612
1971,Male,9,DANIEL,2485
1972,Male,9,DANIEL,2524
1973,Male,9,DANIEL,2768
1974,Male,8,DANIEL,2942
1975,Male,6,DANIEL,2944
1976,Male,6,DANIEL,3179
1977,Male,5,DANIEL,3373
1978,Male,5,DANIEL,3422
1979,Male,5,DANIEL,3533
1980,Male,4,DANIEL,4127
1981,Male,4,DANIEL,4313
1982,Male,4,DANIEL,4583
1983,Male,4,DANIEL,4749
1984,Male,4,DANIEL,5020
1985,Male,3,DANIEL,5443
1986,Male,3,DANIEL,5398
1987,Male,3,DANIEL,5400
1988,Male,3,DANIEL,5397
1989,Male,3,DANIEL,5511
1990,Male,3,DANIEL,5692
1991,Male,3,DANIEL,5412
1992,Male,2,DANIEL,5303
1993,Male,2,DANIEL,5190
1994,Male,1,DANIEL,5044
1995,Male,1,DANIEL,4936
1996,Male,1,DANIEL,4623
1997,Male,1,DANIEL,4393
1998,Male,1,DANIEL,4311
1999,Male,1,DANIEL,4328
2000,Male,1,DANIEL,4323
2001,Male,1,DANIEL,4142
2002,Male,1,DANIEL,4101
2003,Male,1,DANIEL,4017
2004,Male,1,DANIEL,4162
2005,Male,1,DANIEL,3902
2006,Male,1,DANIEL,3810
2007,Male,1,DANIEL,3848
2008,Male,1,DANIEL,3734
2009,Male,1,DANIEL,3390
2010,Male,2,DANIEL,3132
2011,Male,2,DANIEL,2885
2012,Male,4,DANIEL,2661
2013,Male,3,DANIEL,2598
2014,Male,4,DANIEL,2550
2015,Male,3,DANIEL,2468
2016,Male,4,DANIEL,2292
2017,Male,6,DANIEL,2088
2018,Male,6,DANIEL,1998
2019,Male,9,DANIEL,1747
2020,Male,11,DANIEL,1490
2021,Male,10,DANIEL,1440
1983,Female,22,DANIELLE,1312
1984,Female,16,DANIELLE,1584
1985,Female,17,DANIELLE,1639
1986,Female,19,DANIELLE,1641
1987,Female,14,DANIELLE,1914
1988,Female,16,DANIELLE,1848
1989,Female,18,DANIELLE,1721
1990,Female,19,DANIELLE,1691
1991,Female,20,DANIELLE,1599
1992,Female,18,DANIELLE,1618
1993,Female,22,DANIELLE,1533
1994,Female,20,DANIELLE,1488
1960,Male,2,DAVID,8033
1961,Male,2,DAVID,8353
1962,Male,2,DAVID,8059
1963,Male,2,DAVID,7692
1964,Male,2,DAVID,7495
1965,Male,2,DAVID,6816
1966,Male,2,DAVID,6716
1967,Male,2,DAVID,6852
1968,Male,2,DAVID,6405
1969,Male,2,DAVID,6457
1970,Male,2,DAVID,6254
1971,Male,2,DAVID,5114
1972,Male,2,DAVID,4539
1973,Male,3,DAVID,4101
1974,Male,3,DAVID,4325
1975,Male,3,DAVID,4058
1976,Male,2,DAVID,4328
1977,Male,2,DAVID,4395
1978,Male,2,DAVID,4576
1979,Male,2,DAVID,4872
1980,Male,2,DAVID,5042
1981,Male,3,DAVID,4901
1982,Male,3,DAVID,5112
1983,Male,3,DAVID,4950
1984,Male,3,DAVID,5100
1985,Male,4,DAVID,5240
1986,Male,4,DAVID,5253
1987,Male,4,DAVID,5312
1988,Male,4,DAVID,5160
1989,Male,4,DAVID,5290
1990,Male,4,DAVID,5257
1991,Male,5,DAVID,4779
1992,Male,5,DAVID,4748
1993,Male,5,DAVID,4337
1994,Male,5,DAVID,4005
1995,Male,5,DAVID,3956
1996,Male,4,DAVID,3951
1997,Male,6,DAVID,3669
1998,Male,6,DAVID,3449
1999,Male,6,DAVID,3459
2000,Male,9,DAVID,3263
2001,Male,6,DAVID,3323
2002,Male,8,DAVID,3173
2003,Male,6,DAVID,3344
2004,Male,7,DAVID,3248
2005,Male,4,DAVID,3253
2006,Male,5,DAVID,3135
2007,Male,4,DAVID,3111
2008,Male,5,DAVID,2908
2009,Male,7,DAVID,2625
2010,Male,8,DAVID,2412
2011,Male,8,DAVID,2293
2012,Male,10,DAVID,2147
2013,Male,10,DAVID,2039
2014,Male,10,DAVID,2004
2015,Male,10,DAVID,1932
2016,Male,15,DAVID,1712
2017,Male,17,DAVID,1553
2018,Male,18,DAVID,1457
2019,Male,21,DAVID,1256
2020,Male,18,DAVID,1165
2021,Male,24,DAVID,1074
1970,Female,22,DAWN,1176
1971,Female,25,DAWN,966
1960,Female,9,DEBORAH,2490
1961,Female,8,DEBORAH,2495
1962,Female,6,DEBORAH,2540
1963,Female,6,DEBORAH,2407
1964,Female,9,DEBORAH,2232
1965,Female,9,DEBORAH,1867
1966,Female,12,DEBORAH,1649
1967,Female,17,DEBORAH,1368
1968,Female,20,DEBORAH,1222
1960,Female,7,DEBRA,2692
1961,Female,10,DEBRA,2211
1962,Female,11,DEBRA,2109
1963,Female,16,DEBRA,1804
1964,Female,19,DEBRA,1490
1965,Female,20,DEBRA,1303
1960,Female,23,DENISE,1501
1961,Female,22,DENISE,1532
1962,Female,21,DENISE,1480
1963,Female,23,DENISE,1487
1964,Female,18,DENISE,1507
1965,Female,18,DENISE,1380
1966,Female,18,DENISE,1230
1967,Female,18,DENISE,1251
1968,Female,24,DENISE,1045
1969,Female,23,DENISE,1113
2000,Female,24,DESTINY,1188
2001,Female,22,DESTINY,1200
1997,Female,25,DIANA,1262
1998,Female,22,DIANA,1318
2004,Male,24,DIEGO,1983
2005,Male,18,DIEGO,2307
2006,Male,10,DIEGO,2748
2007,Male,10,DIEGO,2620
2008,Male,17,DIEGO,2146
2009,Male,24,DIEGO,1749
1960,Male,20,DONALD,2162
1961,Male,22,DONALD,2146
1962,Male,25,DONALD,1929
1963,Male,25,DONALD,1851
1960,Female,14,DONNA,1820
1961,Female,19,DONNA,1639
1962,Female,20,DONNA,1654
1963,Female,22,DONNA,1510
1964,Female,25,DONNA,1377
1965,Female,22,DONNA,1263
2013,Male,22,DYLAN,1631
2014,Male,22,DYLAN,1647
2015,Male,19,DYLAN,1681
2016,Male,24,DYLAN,1531
2017,Male,20,DYLAN,1513
2018,Male,20,DYLAN,1371
2019,Male,25,DYLAN,1203
2020,Male,24,DYLAN,1085
2015,Male,25,ELIJAH,1509
2016,Male,20,ELIJAH,1568
2017,Male,23,ELIJAH,1486
2018,Male,19,ELIJAH,1440
2019,Male,14,ELIJAH,1513
2020,Male,8,ELIJAH,1595
2021,Male,8,ELIJAH,1515
1960,Female,12,ELIZABET*,1905
1961,Female,12,ELIZABET*,2043
1962,Female,14,ELIZABET*,1810
1963,Female,13,ELIZABET*,1929
1964,Female,12,ELIZABET*,1843
1965,Female,11,ELIZABET*,1812
1966,Female,13,ELIZABET*,1623
1967,Female,11,ELIZABET*,1626
1968,Female,10,ELIZABET*,1473
1969,Female,11,ELIZABET*,1463
1970,Female,12,ELIZABET*,1564
1971,Female,11,ELIZABET*,1384
1972,Female,12,ELIZABET*,1342
1973,Female,11,ELIZABET*,1288
1974,Female,10,ELIZABET*,1479
1975,Female,10,ELIZABET*,1467
1976,Female,10,ELIZABET*,1647
1977,Female,9,ELIZABET*,1775
1978,Female,9,ELIZABETH,1787
1979,Female,9,ELIZABETH,1918
1980,Female,7,ELIZABETH,2162
1981,Female,7,ELIZABETH,2268
1982,Female,7,ELIZABETH,2262
1983,Female,6,ELIZABETH,2369
1984,Female,9,ELIZABETH,2262
1985,Female,8,ELIZABETH,2466
1986,Female,9,ELIZABETH,2347
1987,Female,9,ELIZABETH,2390
1988,Female,7,ELIZABETH,2705
1989,Female,6,ELIZABETH,3009
1990,Female,6,ELIZABETH,3121
1991,Female,6,ELIZABETH,3081
1992,Female,5,ELIZABETH,2819
1993,Female,5,ELIZABETH,2593
1994,Female,6,ELIZABETH,2346
1995,Female,8,ELIZABETH,2196
1996,Female,9,ELIZABETH,2112
1997,Female,9,ELIZABETH,1975
1998,Female,11,ELIZABETH,1917
1999,Female,9,ELIZABETH,1844
2000,Female,9,ELIZABETH,1830
2001,Female,8,ELIZABETH,1681
2002,Female,8,ELIZABETH,1699
2003,Female,10,ELIZABETH,1666
2004,Female,11,ELIZABETH,1595
2005,Female,12,ELIZABETH,1486
2006,Female,12,ELIZABETH,1424
2007,Female,11,ELIZABETH,1507
2008,Female,13,ELIZABETH,1409
2009,Female,12,ELIZABETH,1306
2010,Female,15,ELIZABETH,1119
2011,Female,15,ELIZABETH,1199
2012,Female,14,ELIZABETH,1095
2013,Female,14,ELIZABETH,1058
2014,Female,15,ELIZABETH,1085
2015,Female,18,ELIZABETH,992
2016,Female,18,ELIZABETH,1020
2017,Female,20,ELIZABETH,967
2018,Female,22,ELIZABETH,895
2019,Female,21,ELIZABETH,879
2011,Female,23,ELLA,913
2018,Female,21,ELLA,896
2019,Female,20,ELLA,899
2020,Female,23,ELLA,810
1988,Female,25,EMILY,1358
1989,Female,20,EMILY,1495
1990,Female,18,EMILY,1706
1991,Female,18,EMILY,1727
1992,Female,14,EMILY,1848
1993,Female,14,EMILY,2070
1994,Female,8,EMILY,2165
1995,Female,6,EMILY,2318
1996,Female,6,EMILY,2448
1997,Female,4,EMILY,2518
1998,Female,4,EMILY,2660
1999,Female,1,EMILY,2805
2000,Female,1,EMILY,2955
2001,Female,1,EMILY,2921
2002,Female,1,EMILY,3011
2003,Female,1,EMILY,3398
2004,Female,1,EMILY,3395
2005,Female,1,EMILY,3276
2006,Female,1,EMILY,3088
2007,Female,1,EMILY,2954
2008,Female,2,EMILY,2770
2009,Female,3,EMILY,2536
2010,Female,3,EMILY,2385
2011,Female,3,EMILY,2389
2012,Female,4,EMILY,2419
2013,Female,5,EMILY,2280
2014,Female,6,EMILY,2267
2015,Female,6,EMILY,2142
2016,Female,6,EMILY,1948
2017,Female,6,EMILY,1805
2018,Female,8,EMILY,1505
2019,Female,8,EMILY,1473
2020,Female,11,EMILY,1249
2021,Female,13,EMILY,1098
2002,Female,20,EMMA,1287
2003,Female,6,EMMA,1832
2004,Female,7,EMMA,1742
2005,Female,8,EMMA,1633
2006,Female,8,EMMA,1544
2007,Female,8,EMMA,1628
2008,Female,8,EMMA,1738
2009,Female,7,EMMA,1708
2010,Female,5,EMMA,1774
2011,Female,5,EMMA,2113
2012,Female,3,EMMA,2437
2013,Female,4,EMMA,2477
2014,Female,3,EMMA,2675
2015,Female,3,EMMA,2707
2016,Female,3,EMMA,2599
2017,Female,1,EMMA,2734
2018,Female,1,EMMA,2746
2019,Female,2,EMMA,2403
2020,Female,3,EMMA,2117
2021,Female,2,EMMA,2182
1964,Male,25,ERIC,1878
1965,Male,20,ERIC,2155
1966,Male,17,ERIC,2127
1967,Male,13,ERIC,2454
1968,Male,14,ERIC,2408
1969,Male,15,ERIC,2615
1970,Male,11,ERIC,2787
1971,Male,11,ERIC,2398
1972,Male,11,ERIC,2266
1973,Male,12,ERIC,2038
1974,Male,12,ERIC,1957
1975,Male,15,ERIC,1840
1976,Male,13,ERIC,2068
1977,Male,16,ERIC,2019
1978,Male,16,ERIC,1957
1979,Male,16,ERIC,2072
1980,Male,16,ERIC,2303
1981,Male,19,ERIC,2109
1982,Male,21,ERIC,2104
1983,Male,19,ERIC,2329
1984,Male,21,ERIC,2334
1985,Male,20,ERIC,2501
1986,Male,19,ERIC,2464
1987,Male,18,ERIC,2726
1988,Male,19,ERIC,2640
1989,Male,19,ERIC,2644
1990,Male,18,ERIC,2978
1991,Male,19,ERIC,2732
1992,Male,23,ERIC,2496
1993,Male,25,ERIC,2194
1975,Female,24,ERIN,892
1976,Female,24,ERIN,916
1978,Female,25,ERIN,1016
1979,Female,25,ERIN,1023
1980,Female,21,ERIN,1281
1981,Female,21,ERIN,1302
1982,Female,22,ERIN,1309
1983,Female,24,ERIN,1276
2002,Male,19,ETHAN,2252
2003,Male,18,ETHAN,2228
2004,Male,16,ETHAN,2365
2005,Male,16,ETHAN,2361
2006,Male,16,ETHAN,2391
2007,Male,14,ETHAN,2511
2008,Male,12,ETHAN,2518
2009,Male,6,ETHAN,2667
2010,Male,6,ETHAN,2457
2011,Male,7,ETHAN,2384
2012,Male,3,ETHAN,2665
2013,Male,2,ETHAN,2655
2014,Male,3,ETHAN,2561
2015,Male,4,ETHAN,2466
2016,Male,3,ETHAN,2329
2017,Male,4,ETHAN,2147
2018,Male,5,ETHAN,2060
2019,Male,5,ETHAN,2101
2020,Male,6,ETHAN,1657
2021,Male,11,ETHAN,1419
2009,Female,24,EVELYN,980
2010,Female,23,EVELYN,976
2011,Female,18,EVELYN,1058
2012,Female,16,EVELYN,1038
2013,Female,20,EVELYN,959
2014,Female,14,EVELYN,1110
2015,Female,15,EVELYN,1063
2016,Female,13,EVELYN,1185
2017,Female,13,EVELYN,1171
2018,Female,16,EVELYN,1157
2019,Female,16,EVELYN,1167
2020,Female,16,EVELYN,1017
2021,Female,16,EVELYN,971
2020,Male,21,EZEKIEL,1141
2021,Male,13,EZEKIEL,1284
2021,Male,19,EZRA,1134
2001,Male,25,GABRIEL,1758
2003,Male,24,GABRIEL,1967
2005,Male,25,GABRIEL,1950
2010,Male,23,GABRIEL,1635
2012,Female,17,GENESIS,1029
2013,Female,17,GENESIS,1004
2014,Female,19,GENESIS,973
2016,Female,25,GENESIS,898
2017,Female,25,GENESIS,853
2018,Female,25,GENESIS,810
2020,Female,7,GIANNA,1532
2021,Female,10,GIANNA,1292
2013,Female,23,GRACE,870
2014,Female,21,GRACE,949
2015,Female,25,GRACE,897
2017,Female,23,GRACE,882
1960,Male,17,GREGORY,2266
1961,Male,17,GREGORY,2364
1962,Male,15,GREGORY,2548
1963,Male,16,GREGORY,2494
1964,Male,21,GREGORY,2224
1965,Male,24,GREGORY,1902
1966,Male,24,GREGORY,1708
1967,Male,24,GREGORY,1554
1968,Male,24,GREGORY,1548
1969,Male,24,GREGORY,1625
1970,Male,24,GREGORY,1642
1972,Male,25,GREGORY,1178
2010,Female,24,HAILEY,912
2011,Female,22,HAILEY,929
2012,Female,22,HAILEY,899
1995,Female,24,HANNAH,1343
1996,Female,18,HANNAH,1461
1997,Female,15,HANNAH,1617
1998,Female,13,HANNAH,1665
1999,Female,12,HANNAH,1676
2000,Female,7,HANNAH,1849
2001,Female,13,HANNAH,1572
2002,Female,14,HANNAH,1485
2003,Female,17,HANNAH,1375
2004,Female,18,HANNAH,1315
2005,Female,19,HANNAH,1218
2006,Female,21,HANNAH,1205
2007,Female,22,HANNAH,1172
1969,Female,24,HEATHER,1111
1970,Female,11,HEATHER,1582
1971,Female,7,HEATHER,1500
1972,Female,8,HEATHER,1492
1973,Female,7,HEATHER,1659
1974,Female,4,HEATHER,1904
1975,Female,6,HEATHER,1937
1976,Female,7,HEATHER,1861
1977,Female,8,HEATHER,1803
1978,Female,10,HEATHER,1745
1979,Female,11,HEATHER,1605
1980,Female,13,HEATHER,1571
1981,Female,14,HEATHER,1475
1982,Female,16,HEATHER,1523
1983,Female,12,HEATHER,2000
1984,Female,12,HEATHER,2027
1985,Female,13,HEATHER,1873
1986,Female,14,HEATHER,1762
1987,Female,16,HEATHER,1804
1988,Female,18,HEATHER,1708
1989,Female,25,HEATHER,1394
2007,Male,24,ISAAC,1973
2008,Male,21,ISAAC,1964
2009,Male,20,ISAAC,1855
2010,Male,22,ISAAC,1765
2011,Male,18,ISAAC,1863
2012,Male,15,ISAAC,1859
2013,Male,15,ISAAC,1763
2014,Male,19,ISAAC,1795
2015,Male,17,ISAAC,1714
2016,Male,21,ISAAC,1566
2017,Male,25,ISAAC,1423
2018,Male,23,ISAAC,1328
2019,Male,19,ISAAC,1320
2001,Female,16,ISABELLA,1474
2002,Female,6,ISABELLA,1873
2003,Female,4,ISABELLA,2173
2004,Female,4,ISABELLA,2443
2005,Female,4,ISABELLA,2344
2006,Female,2,ISABELLA,2786
2007,Female,2,ISABELLA,2918
2008,Female,1,ISABELLA,2780
2009,Female,1,ISABELLA,3156
2010,Female,1,ISABELLA,3354
2011,Female,2,ISABELLA,3049
2012,Female,2,ISABELLA,3085
2013,Female,2,ISABELLA,2777
2014,Female,2,ISABELLA,2713
2015,Female,5,ISABELLA,2392
2016,Female,5,ISABELLA,2346
2017,Female,5,ISABELLA,2342
2018,Female,4,ISABELLA,2204
2019,Female,6,ISABELLA,2018
2020,Female,6,ISABELLA,1874
2021,Female,6,ISABELLA,1662
1991,Male,24,JACOB,2413
1992,Male,22,JACOB,2500
1993,Male,18,JACOB,2753
1994,Male,14,JACOB,2909
1995,Male,11,JACOB,3106
1996,Male,13,JACOB,2976
1997,Male,8,JACOB,3206
1998,Male,5,JACOB,3548
1999,Male,7,JACOB,3445
2000,Male,6,JACOB,3501
2001,Male,5,JACOB,3363
2002,Male,5,JACOB,3358
2003,Male,5,JACOB,3347
2004,Male,5,JACOB,3330
2005,Male,8,JACOB,3097
2006,Male,4,JACOB,3190
2007,Male,5,JACOB,3108
2008,Male,4,JACOB,3016
2009,Male,4,JACOB,2954
2010,Male,1,JACOB,3335
2011,Male,1,JACOB,3153
2012,Male,1,JACOB,2959
2013,Male,1,JACOB,2879
2014,Male,2,JACOB,2694
2015,Male,2,JACOB,2549
2016,Male,6,JACOB,2260
2017,Male,7,JACOB,2054
2018,Male,10,JACOB,1718
2019,Male,11,JACOB,1661
2020,Male,14,JACOB,1303
2021,Male,16,JACOB,1222
1996,Female,25,JACQUELINE,1315
2000,Female,15,JACQUELINE,1551
2001,Female,22,JACQUELINE,1200
1960,Male,5,JAMES,5900
1961,Male,5,JAMES,6055
1962,Male,5,JAMES,5863
1963,Male,5,JAMES,5793
1964,Male,5,JAMES,5946
1965,Male,5,JAMES,5558
1966,Male,5,JAMES,5251
1967,Male,5,JAMES,4889
1968,Male,5,JAMES,4844
1969,Male,5,JAMES,4687
1970,Male,5,JAMES,4735
1971,Male,7,JAMES,3892
1972,Male,6,JAMES,3441
1973,Male,7,JAMES,2977
1974,Male,9,JAMES,2932
1975,Male,7,JAMES,2871
1976,Male,7,JAMES,2893
1977,Male,7,JAMES,2966
1978,Male,7,JAMES,3111
1979,Male,8,JAMES,2982
1980,Male,9,JAMES,3028
1981,Male,13,JAMES,3037
1982,Male,9,JAMES,3202
1983,Male,11,JAMES,3087
1984,Male,9,JAMES,3145
1985,Male,10,JAMES,3228
1986,Male,11,JAMES,3069
1987,Male,15,JAMES,2965
1988,Male,15,JAMES,3112
1989,Male,16,JAMES,3054
1990,Male,16,JAMES,3071
1991,Male,16,JAMES,2952
1992,Male,20,JAMES,2685
1993,Male,24,JAMES,2349
1994,Male,24,JAMES,2244
2014,Male,23,JAMES,1583
2015,Male,21,JAMES,1537
2016,Male,19,JAMES,1628
2017,Male,21,JAMES,1508
2018,Male,16,JAMES,1461
2019,Male,18,JAMES,1354
2020,Male,19,JAMES,1156
2021,Male,18,JAMES,1168
1976,Female,21,JAMIE,1085
1977,Female,20,JAMIE,1136
1979,Female,24,JAMIE,1070
1991,Female,23,JASMINE,1482
1993,Female,15,JASMINE,1883
1994,Female,14,JASMINE,1912
1995,Female,14,JASMINE,1635
1996,Female,12,JASMINE,1754
1997,Female,12,JASMINE,1791
1998,Female,12,JASMINE,1702
1999,Female,13,JASMINE,1651
2000,Female,12,JASMINE,1599
2001,Female,10,JASMINE,1651
2002,Female,9,JASMINE,1659
2003,Female,11,JASMINE,1608
2004,Female,10,JASMINE,1666
2005,Female,11,JASMINE,1521
2006,Female,16,JASMINE,1382
2007,Female,19,JASMINE,1300
2008,Female,24,JASMINE,1040
1969,Male,14,JASON,2619
1970,Male,7,JASON,3891
1971,Male,5,JASON,4200
1972,Male,4,JASON,3962
1973,Male,2,JASON,4360
1974,Male,2,JASON,4765
1975,Male,2,JASON,4347
1976,Male,3,JASON,4316
1977,Male,3,JASON,4384
1978,Male,3,JASON,4285
1979,Male,4,JASON,4107
1980,Male,5,JASON,4105
1981,Male,7,JASON,3708
1982,Male,7,JASON,3592
1983,Male,7,JASON,3403
1984,Male,12,JASON,2966
1985,Male,17,JASON,2696
1986,Male,17,JASON,2633
1987,Male,21,JASON,2431
2008,Male,19,JAYDEN,2050
2009,Male,14,JAYDEN,2262
2010,Male,7,JAYDEN,2431
2011,Male,3,JAYDEN,2744
2012,Male,2,JAYDEN,2850
2013,Male,4,JAYDEN,2576
2014,Male,7,JAYDEN,2366
2015,Male,7,JAYDEN,2134
2016,Male,11,JAYDEN,1850
2017,Male,13,JAYDEN,1688
2018,Male,13,JAYDEN,1548
2019,Male,15,JAYDEN,1413
2020,Male,17,JAYDEN,1206
2021,Male,22,JAYDEN,1092
1960,Male,12,JEFFREY,2940
1961,Male,11,JEFFREY,3118
1962,Male,10,JEFFREY,3389
1963,Male,10,JEFFREY,3213
1964,Male,11,JEFFREY,2912
1965,Male,11,JEFFREY,2732
1966,Male,11,JEFFREY,2754
1967,Male,12,JEFFREY,2515
1968,Male,11,JEFFREY,2698
1969,Male,13,JEFFREY,2689
1970,Male,12,JEFFREY,2757
1971,Male,16,JEFFREY,2253
1972,Male,15,JEFFREY,1903
1973,Male,15,JEFFREY,1757
1974,Male,15,JEFFREY,1786
1975,Male,17,JEFFREY,1706
1976,Male,20,JEFFREY,1594
1977,Male,22,JEFFREY,1654
1978,Male,22,JEFFREY,1576
1979,Male,22,JEFFREY,1614
1978,Female,1,JENNIFER,5288
1979,Female,1,JENNIFER,5463
1980,Female,1,JENNIFER,5607
1981,Female,1,JENNIFER,5618
1982,Female,1,JENNIFER,5793
1983,Female,1,JENNIFER,5865
1984,Female,1,JENNIFER,5534
1985,Female,2,JENNIFER,4946
1986,Female,3,JENNIFER,4320
1987,Female,3,JENNIFER,4273
1988,Female,3,JENNIFER,3846
1989,Female,4,JENNIFER,3485
1990,Female,5,JENNIFER,3586
1991,Female,4,JENNIFER,3523
1992,Female,4,JENNIFER,3356
1993,Female,4,JENNIFER,2971
1994,Female,4,JENNIFER,2914
1995,Female,4,JENNIFER,2663
1996,Female,4,JENNIFER,2493
1997,Female,2,JENNIFER,2780
1998,Female,5,JENNIFER,2544
1999,Female,3,JENNIFER,2660
2000,Female,5,JENNIFER,2256
2001,Female,6,JENNIFER,2015
2002,Female,5,JENNIFER,1977
2003,Female,9,JENNIFER,1697
2004,Female,13,JENNIFER,1486
2005,Female,17,JENNIFER,1292
1963,Female,25,JENNIFER*,1404
1964,Female,17,JENNIFER*,1520
1965,Female,14,JENNIFER*,1650
1966,Female,8,JENNIFER*,1852
1967,Female,5,JENNIFER*,1818
1968,Female,4,JENNIFER*,2855
1969,Female,3,JENNIFER*,3420
1970,Female,1,JENNIFER*,4681
1971,Female,1,JENNIFER*,5468
1972,Female,1,JENNIFER*,6063
1973,Female,1,JENNIFER*,5628
1974,Female,1,JENNIFER*,5631
1975,Female,1,JENNIFER*,5311
1976,Female,1,JENNIFER*,5564
1977,Female,1,JENNIFER*,5553
1975,Male,25,JEREMY,1254
1976,Male,22,JEREMY,1519
1977,Male,21,JEREMY,1662
1973,Female,25,JESSICA,762
1974,Female,16,JESSICA,1111
1975,Female,14,JESSICA,1297
1976,Female,8,JESSICA,1783
1977,Female,3,JESSICA,2224
1978,Female,3,JESSICA,2380
1979,Female,3,JESSICA,2523
1980,Female,3,JESSICA,2885
1981,Female,2,JESSICA,3702
1982,Female,2,JESSICA,4200
1983,Female,2,JESSICA,4496
1984,Female,2,JESSICA,4999
1985,Female,1,JESSICA,5508
1986,Female,1,JESSICA,5941
1987,Female,1,JESSICA,6795
1988,Female,1,JESSICA,6493
1989,Female,1,JESSICA,6431
1990,Female,1,JESSICA,6532
1991,Female,1,JESSICA,6849
1992,Female,1,JESSICA,6268
1993,Female,1,JESSICA,5509
1994,Female,1,JESSICA,5241
1995,Female,1,JESSICA,4562
1996,Female,1,JESSICA,3804
1997,Female,1,JESSICA,3187
1998,Female,1,JESSICA,2832
1999,Female,5,JESSICA,2490
2000,Female,4,JESSICA,2467
2001,Female,4,JESSICA,2226
2002,Female,4,JESSICA,1994
2003,Female,8,JESSICA,1756
2004,Female,9,JESSICA,1705
2005,Female,13,JESSICA,1410
2006,Female,18,JESSICA,1259
1995,Male,25,JESUS,2065
1996,Male,25,JESUS,2006
1997,Male,22,JESUS,2006
1998,Male,23,JESUS,1918
1999,Male,23,JESUS,1995
2000,Male,23,JESUS,1889
2001,Male,20,JESUS,2082
2002,Male,23,JESUS,1976
2003,Male,25,JESUS,1891
2004,Male,22,JESUS,2016
2005,Male,24,JESUS,1968
2006,Male,25,JESUS,1950
2006,Female,25,JOCELYN,1143
2007,Female,10,JOCELYN,1516
2008,Female,23,JOCELYN,1089
1960,Male,4,JOHN,6308
1961,Male,4,JOHN,6751
1962,Male,4,JOHN,6612
1963,Male,4,JOHN,6978
1964,Male,3,JOHN,7195
1965,Male,4,JOHN,6244
1966,Male,4,JOHN,5619
1967,Male,4,JOHN,5474
1968,Male,4,JOHN,5465
1969,Male,4,JOHN,5167
1970,Male,4,JOHN,5022
1971,Male,4,JOHN,4220
1972,Male,7,JOHN,3432
1973,Male,6,JOHN,3144
1974,Male,6,JOHN,2976
1975,Male,8,JOHN,2834
1976,Male,8,JOHN,2800
1977,Male,10,JOHN,2800
1978,Male,9,JOHN,2920
1979,Male,7,JOHN,2985
1980,Male,10,JOHN,3004
1981,Male,9,JOHN,3213
1982,Male,11,JOHN,3105
1983,Male,12,JOHN,3039
1984,Male,10,JOHN,3075
1985,Male,14,JOHN,3008
1986,Male,15,JOHN,2860
1987,Male,14,JOHN,2997
1988,Male,17,JOHN,2940
1989,Male,18,JOHN,2956
1990,Male,19,JOHN,2878
1991,Male,21,JOHN,2668
1992,Male,21,JOHN,2567
1993,Male,23,JOHN,2405
1994,Male,23,JOHN,2301
1997,Male,25,JOHN,1810
1999,Male,25,JOHN,1743
1980,Male,24,JONATHAN,1716
1981,Male,17,JONATHAN,2245
1982,Male,17,JONATHAN,2445
1983,Male,17,JONATHAN,2448
1984,Male,17,JONATHAN,2584
1985,Male,15,JONATHAN,2920
1986,Male,14,JONATHAN,2930
1987,Male,13,JONATHAN,3114
1988,Male,11,JONATHAN,3507
1989,Male,11,JONATHAN,3562
1990,Male,9,JONATHAN,4040
1991,Male,10,JONATHAN,4051
1992,Male,9,JONATHAN,3817
1993,Male,11,JONATHAN,3507
1994,Male,11,JONATHAN,3308
1995,Male,10,JONATHAN,3220
1996,Male,8,JONATHAN,3319
1997,Male,10,JONATHAN,3178
1998,Male,11,JONATHAN,3070
1999,Male,11,JONATHAN,3004
2000,Male,11,JONATHAN,2979
2001,Male,11,JONATHAN,2853
2002,Male,12,JONATHAN,2719
2003,Male,13,JONATHAN,2697
2004,Male,12,JONATHAN,2546
2005,Male,11,JONATHAN,2635
2006,Male,13,JONATHAN,2625
2007,Male,15,JONATHAN,2493
2008,Male,15,JONATHAN,2306
2009,Male,18,JONATHAN,2057
2010,Male,16,JONATHAN,1987
2011,Male,17,JONATHAN,1869
2012,Male,19,JONATHAN,1728
2013,Male,25,JONATHAN,1519
1971,Male,24,JOSE,1364
1972,Male,21,JOSE,1514
1973,Male,18,JOSE,1685
1974,Male,13,JOSE,1944
1975,Male,11,JOSE,2113
1976,Male,11,JOSE,2336
1977,Male,14,JOSE,2310
1978,Male,12,JOSE,2512
1979,Male,13,JOSE,2666
1980,Male,12,JOSE,2901
1981,Male,11,JOSE,3084
1982,Male,13,JOSE,3016
1983,Male,13,JOSE,2760
1984,Male,14,JOSE,2822
1985,Male,12,JOSE,3068
1986,Male,12,JOSE,3017
1987,Male,11,JOSE,3284
1988,Male,10,JOSE,3538
1989,Male,8,JOSE,4122
1990,Male,5,JOSE,4903
1991,Male,4,JOSE,4986
1992,Male,4,JOSE,4980
1993,Male,3,JOSE,4924
1994,Male,3,JOSE,4717
1995,Male,3,JOSE,4494
1996,Male,2,JOSE,4546
1997,Male,3,JOSE,4110
1998,Male,2,JOSE,4265
1999,Male,2,JOSE,3836
2000,Male,3,JOSE,3773
2001,Male,4,JOSE,3419
2002,Male,3,JOSE,3546
2003,Male,4,JOSE,3363
2004,Male,4,JOSE,3391
2005,Male,6,JOSE,3203
2006,Male,7,JOSE,3112
2007,Male,9,JOSE,2853
2008,Male,10,JOSE,2574
2009,Male,15,JOSE,2177
2010,Male,18,JOSE,1936
2011,Male,23,JOSE,1671
2012,Male,25,JOSE,1571
1960,Male,18,JOSEPH,2178
1961,Male,19,JOSEPH,2234
1962,Male,18,JOSEPH,2387
1963,Male,18,JOSEPH,2344
1964,Male,15,JOSEPH,2414
1965,Male,15,JOSEPH,2343
1966,Male,18,JOSEPH,2112
1967,Male,19,JOSEPH,2149
1968,Male,20,JOSEPH,2074
1969,Male,19,JOSEPH,2135
1970,Male,18,JOSEPH,2226
1971,Male,19,JOSEPH,1945
1972,Male,16,JOSEPH,1814
1973,Male,14,JOSEPH,1788
1974,Male,14,JOSEPH,1850
1975,Male,13,JOSEPH,1867
1976,Male,12,JOSEPH,2135
1977,Male,13,JOSEPH,2329
1978,Male,13,JOSEPH,2504
1979,Male,14,JOSEPH,2642
1980,Male,13,JOSEPH,2863
1981,Male,12,JOSEPH,3060
1982,Male,12,JOSEPH,3061
1983,Male,10,JOSEPH,3099
1984,Male,11,JOSEPH,3027
1985,Male,13,JOSEPH,3054
1986,Male,12,JOSEPH,3017
1987,Male,12,JOSEPH,3147
1988,Male,14,JOSEPH,3284
1989,Male,13,JOSEPH,3357
1990,Male,13,JOSEPH,3534
1991,Male,12,JOSEPH,3513
1992,Male,12,JOSEPH,3179
1993,Male,14,JOSEPH,3091
1994,Male,13,JOSEPH,3026
1995,Male,12,JOSEPH,3092
1996,Male,11,JOSEPH,3009
1997,Male,12,JOSEPH,2851
1998,Male,12,JOSEPH,2938
1999,Male,12,JOSEPH,2798
2000,Male,12,JOSEPH,2742
2001,Male,12,JOSEPH,2708
2002,Male,13,JOSEPH,2676
2003,Male,12,JOSEPH,2704
2004,Male,15,JOSEPH,2429
2005,Male,13,JOSEPH,2534
2006,Male,17,JOSEPH,2359
2007,Male,17,JOSEPH,2292
2008,Male,16,JOSEPH,2208
2009,Male,17,JOSEPH,2091
2010,Male,21,JOSEPH,1853
2011,Male,22,JOSEPH,1759
2012,Male,23,JOSEPH,1635
2013,Male,24,JOSEPH,1535
2015,Male,23,JOSEPH,1518
1973,Male,24,JOSHUA,1266
1974,Male,18,JOSHUA,1654
1975,Male,14,JOSHUA,1864
1976,Male,14,JOSHUA,2020
1977,Male,12,JOSHUA,2439
1978,Male,11,JOSHUA,2550
1979,Male,10,JOSHUA,2884
1980,Male,8,JOSHUA,3116
1981,Male,8,JOSHUA,3362
1982,Male,8,JOSHUA,3216
1983,Male,9,JOSHUA,3294
1984,Male,7,JOSHUA,3406
1985,Male,7,JOSHUA,3673
1986,Male,9,JOSHUA,3435
1987,Male,7,JOSHUA,3760
1988,Male,7,JOSHUA,3985
1989,Male,7,JOSHUA,4216
1990,Male,8,JOSHUA,4223
1991,Male,8,JOSHUA,4222
1992,Male,10,JOSHUA,3725
1993,Male,9,JOSHUA,3683
1994,Male,9,JOSHUA,3509
1995,Male,9,JOSHUA,3449
1996,Male,10,JOSHUA,3308
1997,Male,11,JOSHUA,3071
1998,Male,10,JOSHUA,3230
1999,Male,10,JOSHUA,3117
2000,Male,7,JOSHUA,3338
2001,Male,8,JOSHUA,3196
2002,Male,6,JOSHUA,3348
2003,Male,8,JOSHUA,3202
2004,Male,6,JOSHUA,3292
2005,Male,5,JOSHUA,3209
2006,Male,8,JOSHUA,3009
2007,Male,8,JOSHUA,2870
2008,Male,8,JOSHUA,2745
2009,Male,10,JOSHUA,2407
2010,Male,12,JOSHUA,2121
2011,Male,15,JOSHUA,1906
2012,Male,21,JOSHUA,1715
2013,Male,23,JOSHUA,1616
1975,Male,24,JUAN,1263
1976,Male,21,JUAN,1576
1977,Male,23,JUAN,1373
1978,Male,24,JUAN,1452
1979,Male,25,JUAN,1560
1980,Male,22,JUAN,1732
1981,Male,25,JUAN,1776
1990,Male,20,JUAN,2737
1991,Male,17,JUAN,2777
1992,Male,16,JUAN,2838
1993,Male,19,JUAN,2651
1994,Male,17,JUAN,2656
1995,Male,18,JUAN,2468
1996,Male,17,JUAN,2508
1997,Male,19,JUAN,2324
1998,Male,17,JUAN,2349
1999,Male,16,JUAN,2328
2000,Male,20,JUAN,2215
2001,Male,23,JUAN,1983
2002,Male,21,JUAN,2047
2003,Male,20,JUAN,2072
2004,Male,20,JUAN,2111
2005,Male,19,JUAN,2219
2006,Male,20,JUAN,2080
2009,Male,23,JULIAN,1759
2010,Male,20,JULIAN,1904
2011,Male,14,JULIAN,1933
2012,Male,16,JULIAN,1844
2013,Male,13,JULIAN,1858
2014,Male,12,JULIAN,1906
2015,Male,11,JULIAN,1900
2016,Male,8,JULIAN,2040
2017,Male,10,JULIAN,1940
2018,Male,7,JULIAN,1941
2019,Male,6,JULIAN,1860
2020,Male,5,JULIAN,1688
2021,Male,5,JULIAN,1733
1960,Female,19,JULIE,1665
1961,Female,13,JULIE,1895
1962,Female,13,JULIE,1897
1963,Female,14,JULIE,1847
1964,Female,13,JULIE,1827
1965,Female,10,JULIE,1829
1966,Female,11,JULIE,1705
1967,Female,6,JULIE,1807
1968,Female,7,JULIE,1652
1969,Female,6,JULIE,1913
1970,Female,6,JULIE,1758
1971,Female,8,JULIE,1469
1972,Female,11,JULIE,1352
1973,Female,14,JULIE,1183
1974,Female,18,JULIE,1104
1975,Female,21,JULIE,983
1976,Female,22,JULIE,994
1978,Male,25,JUSTIN,1410
1979,Male,23,JUSTIN,1569
1980,Male,15,JUSTIN,2404
1981,Male,15,JUSTIN,2440
1982,Male,15,JUSTIN,2580
1983,Male,18,JUSTIN,2442
1984,Male,19,JUSTIN,2378
1985,Male,22,JUSTIN,2245
1986,Male,22,JUSTIN,2296
1987,Male,16,JUSTIN,2947
1988,Male,13,JUSTIN,3301
1989,Male,17,JUSTIN,2980
1990,Male,17,JUSTIN,2988
1991,Male,22,JUSTIN,2575
1994,Male,25,JUSTIN,2229
1995,Male,20,JUSTIN,2424
1996,Male,20,JUSTIN,2253
1997,Male,21,JUSTIN,2139
1998,Male,21,JUSTIN,2084
1999,Male,21,JUSTIN,2219
2000,Male,22,JUSTIN,2156
2001,Male,22,JUSTIN,2005
2002,Male,25,JUSTIN,1926
1960,Female,3,KAREN,3156
1961,Female,3,KAREN,2985
1962,Female,3,KAREN,2935
1963,Female,4,KAREN,2723
1964,Female,5,KAREN,2495
1965,Female,3,KAREN,2633
1966,Female,5,KAREN,1983
1967,Female,9,KAREN,1684
1968,Female,12,KAREN,1461
1969,Female,16,KAREN,1302
1970,Female,21,KAREN,1225
1971,Female,23,KAREN,996
1972,Female,25,KAREN,800
1992,Female,25,KATHERINE,1405
1960,Female,15,KATHLEEN*,1772
1961,Female,16,KATHLEEN*,1842
1962,Female,18,KATHLEEN*,1701
1963,Female,19,KATHLEEN*,1582
1964,Female,21,KATHLEEN*,1456
1965,Female,23,KATHLEEN*,1211
1966,Female,24,KATHLEEN*,1110
2001,Female,21,KAYLA,1205
1962,Female,22,KELLY,1461
1963,Female,20,KELLY,1559
1964,Female,23,KELLY,1415
1965,Female,19,KELLY,1368
1966,Female,17,KELLY,1256
1967,Female,19,KELLY,1238
1968,Female,13,KELLY,1445
1969,Female,19,KELLY,1253
1970,Female,25,KELLY,1077
1977,Female,16,KELLY,1309
1978,Female,16,KELLY,1250
1979,Female,23,KELLY,1141
1960,Male,14,KENNETH,2563
1961,Male,13,KENNETH,2534
1962,Male,14,KENNETH,2587
1963,Male,15,KENNETH,2512
1964,Male,14,KENNETH,2464
1965,Male,18,KENNETH,2209
1966,Male,22,KENNETH,1908
1967,Male,22,KENNETH,1778
1968,Male,23,KENNETH,1691
1960,Male,16,KEVIN,2325
1961,Male,15,KEVIN,2449
1962,Male,16,KEVIN,2429
1963,Male,14,KEVIN,2664
1964,Male,13,KEVIN,2542
1965,Male,16,KEVIN,2299
1966,Male,21,KEVIN,2012
1967,Male,21,KEVIN,2007
1968,Male,21,KEVIN,1957
1969,Male,23,KEVIN,1873
1970,Male,17,KEVIN,2284
1971,Male,18,KEVIN,1953
1972,Male,20,KEVIN,1568
1973,Male,21,KEVIN,1399
1974,Male,23,KEVIN,1413
1975,Male,23,KEVIN,1268
1976,Male,23,KEVIN,1509
1977,Male,18,KEVIN,1828
1978,Male,21,KEVIN,1694
1979,Male,21,KEVIN,1680
1980,Male,25,KEVIN,1637
1982,Male,25,KEVIN,1836
1983,Male,25,KEVIN,1933
1985,Male,24,KEVIN,2221
1986,Male,21,KEVIN,2381
1987,Male,17,KEVIN,2759
1988,Male,18,KEVIN,2876
1989,Male,15,KEVIN,3107
1990,Male,15,KEVIN,3262
1991,Male,11,KEVIN,3526
1992,Male,11,KEVIN,3489
1993,Male,10,KEVIN,3570
1994,Male,10,KEVIN,3342
1995,Male,13,KEVIN,3079
1996,Male,16,KEVIN,2815
1997,Male,16,KEVIN,2544
1998,Male,20,KEVIN,2219
1999,Male,18,KEVIN,2302
2000,Male,18,KEVIN,2351
2001,Male,14,KEVIN,2391
2002,Male,15,KEVIN,2344
2003,Male,17,KEVIN,2265
2004,Male,19,KEVIN,2136
2005,Male,20,KEVIN,2195
2006,Male,24,KEVIN,2046
2007,Male,20,KEVIN,2084
2008,Male,23,KEVIN,1915
1978,Female,15,KIMBERLY,1292
1979,Female,16,KIMBERLY,1358
1980,Female,15,KIMBERLY,1450
1981,Female,19,KIMBERLY,1352
1982,Female,18,KIMBERLY,1378
1983,Female,17,KIMBERLY,1461
1984,Female,23,KIMBERLY,1384
1985,Female,23,KIMBERLY,1410
1986,Female,23,KIMBERLY,1467
1987,Female,25,KIMBERLY,1438
1994,Female,13,KIMBERLY,1953
1995,Female,12,KIMBERLY,1752
1996,Female,13,KIMBERLY,1727
1997,Female,16,KIMBERLY,1574
1998,Female,18,KIMBERLY,1395
1999,Female,19,KIMBERLY,1348
2000,Female,20,KIMBERLY,1394
2001,Female,19,KIMBERLY,1361
2002,Female,24,KIMBERLY,1206
2003,Female,16,KIMBERLY,1410
2004,Female,14,KIMBERLY,1460
2005,Female,14,KIMBERLY,1399
2006,Female,14,KIMBERLY,1393
2007,Female,14,KIMBERLY,1409
2008,Female,18,KIMBERLY,1318
2009,Female,19,KIMBERLY,1119
2010,Female,20,KIMBERLY,1002
2011,Female,19,KIMBERLY,989
2012,Female,25,KIMBERLY,850
1960,Female,17,KIMBERLY*,1710
1961,Female,15,KIMBERLY*,1850
1962,Female,9,KIMBERLY*,2223
1963,Female,8,KIMBERLY*,2254
1964,Female,3,KIMBERLY*,2556
1965,Female,2,KIMBERLY*,2822
1966,Female,3,KIMBERLY*,2990
1967,Female,3,KIMBERLY*,2970
1968,Female,5,KIMBERLY*,2737
1969,Female,5,KIMBERLY*,2910
1970,Female,5,KIMBERLY*,2778
1971,Female,5,KIMBERLY*,2288
1972,Female,5,KIMBERLY*,1918
1973,Female,6,KIMBERLY*,1740
1974,Female,8,KIMBERLY*,1695
1975,Female,9,KIMBERLY*,1503
1976,Female,14,KIMBERLY*,1284
1977,Female,13,KIMBERLY*,1401
1986,Male,25,KYLE,2095
1987,Male,24,KYLE,2228
1988,Male,24,KYLE,2230
1989,Male,21,KYLE,2369
1990,Male,21,KYLE,2633
1991,Male,23,KYLE,2508
1960,Female,11,LAURA,2032
1961,Female,11,LAURA,2073
1962,Female,12,LAURA,1995
1963,Female,10,LAURA,2141
1964,Female,10,LAURA,2155
1965,Female,12,LAURA,1756
1966,Female,14,LAURA,1615
1967,Female,13,LAURA,1571
1968,Female,6,LAURA,1951
1969,Female,7,LAURA,1806
1970,Female,8,LAURA,1639
1971,Female,15,LAURA,1339
1972,Female,16,LAURA,1194
1973,Female,17,LAURA,1061
1974,Female,19,LAURA,1030
1975,Female,18,LAURA,1058
1976,Female,19,LAURA,1170
1977,Female,23,LAURA,1062
1978,Female,24,LAURA,1039
1979,Female,20,LAURA,1202
1980,Female,20,LAURA,1324
1981,Female,20,LAURA,1347
1982,Female,20,LAURA,1331
1983,Female,20,LAURA,1340
1984,Female,20,LAURA,1456
1985,Female,15,LAURA,1696
1986,Female,22,LAURA,1490
1987,Female,20,LAURA,1500
1988,Female,24,LAURA,1379
1989,Female,21,LAURA,1467
1990,Female,22,LAURA,1535
1991,Female,22,LAURA,1492
1984,Female,22,LAUREN,1387
1985,Female,21,LAUREN,1499
1986,Female,15,LAUREN,1726
1987,Female,17,LAUREN,1723
1988,Female,15,LAUREN,2052
1989,Female,14,LAUREN,2204
1990,Female,15,LAUREN,2164
1991,Female,15,LAUREN,1921
1992,Female,15,LAUREN,1824
1993,Female,17,LAUREN,1735
1994,Female,18,LAUREN,1521
1995,Female,20,LAUREN,1423
1997,Female,20,LAUREN,1355
1999,Female,17,LAUREN,1384
2000,Female,21,LAUREN,1383
2020,Female,25,LAYLA,745
2021,Female,23,LAYLA,780
2021,Male,23,LEO,1084
2002,Female,24,LESLIE,1206
2021,Male,20,LEVI,1097
2012,Male,24,LIAM,1608
2013,Male,19,LIAM,1692
2014,Male,17,LIAM,1861
2015,Male,9,LIAM,2023
2016,Male,9,LIAM,2028
2017,Male,3,LIAM,2187
2018,Male,2,LIAM,2415
2019,Male,2,LIAM,2406
2020,Male,2,LIAM,2429
2021,Male,2,LIAM,2487
1960,Female,6,LINDA,2807
1961,Female,6,LINDA,2674
1962,Female,7,LINDA,2418
1963,Female,9,LINDA,2144
1964,Female,14,LINDA,1785
1965,Female,16,LINDA,1598
1966,Female,21,LINDA,1168
1960,Female,5,LISA,2839
1961,Female,1,LISA,3497
1962,Female,1,LISA,3698
1963,Female,1,LISA,4661
1964,Female,1,LISA,4541
1965,Female,1,LISA,4629
1966,Female,1,LISA,4672
1967,Female,1,LISA,4361
1968,Female,1,LISA,4301
1969,Female,1,LISA,3956
1970,Female,2,LISA,3552
1971,Female,3,LISA,2863
1972,Female,4,LISA,2353
1973,Female,4,LISA,2014
1974,Female,7,LISA,1783
1975,Female,8,LISA,1602
1976,Female,9,LISA,1704
1977,Female,10,LISA,1711
1978,Female,11,LISA,1722
1979,Female,10,LISA,1729
1980,Female,12,LISA,1601
1981,Female,13,LISA,1532
1982,Female,21,LISA,1327
2014,Male,25,LOGAN,1546
2017,Male,12,LOGAN,1774
2018,Male,17,LOGAN,1458
2019,Male,20,LOGAN,1277
2020,Male,20,LOGAN,1153
1960,Female,16,LORI,1746
1961,Female,14,LORI,1881
1962,Female,15,LORI,1802
1963,Female,15,LORI,1823
1964,Female,24,LORI,1387
2016,Male,18,LUCAS,1635
2017,Male,14,LUCAS,1633
2018,Male,12,LUCAS,1556
2019,Male,10,LUCAS,1724
2020,Male,12,LUCAS,1355
2021,Male,12,LUCAS,1382
1990,Male,25,LUIS,2268
1992,Male,25,LUIS,2432
1993,Male,21,LUIS,2522
1994,Male,22,LUIS,2364
1995,Male,23,LUIS,2174
1996,Male,21,LUIS,2237
1997,Male,17,LUIS,2462
1998,Male,18,LUIS,2299
1999,Male,19,LUIS,2271
2000,Male,19,LUIS,2285
2001,Male,19,LUIS,2136
2002,Male,22,LUIS,1984
2003,Male,21,LUIS,2063
2004,Male,25,LUIS,1961
2005,Male,23,LUIS,2003
2006,Male,21,LUIS,2077
2007,Male,22,LUIS,2011
2017,Female,14,LUNA,1150
2018,Female,10,LUNA,1444
2019,Female,7,LUNA,1509
2020,Female,8,LUNA,1468
2021,Female,7,LUNA,1466
1997,Female,22,MADISON,1331
1998,Female,16,MADISON,1436
1999,Female,18,MADISON,1372
2000,Female,18,MADISON,1433
2001,Female,12,MADISON,1590
2002,Female,13,MADISON,1527
2003,Female,14,MADISON,1454
2004,Female,12,MADISON,1575
2005,Female,10,MADISON,1525
2006,Female,11,MADISON,1435
2007,Female,15,MADISON,1349
2008,Female,12,MADISON,1410
2009,Female,16,MADISON,1216
2010,Female,19,MADISON,1034
2011,Female,17,MADISON,1104
2012,Female,19,MADISON,986
2013,Female,19,MADISON,973
2014,Female,18,MADISON,988
2015,Female,17,MADISON,1032
2016,Female,23,MADISON,916
1963,Female,21,MARIA,1513
1964,Female,16,MARIA,1527
1965,Female,17,MARIA,1511
1966,Female,16,MARIA,1395
1967,Female,14,MARIA,1461
1968,Female,14,MARIA,1430
1969,Female,9,MARIA,1537
1970,Female,7,MARIA,1660
1971,Female,6,MARIA,1618
1972,Female,6,MARIA,1629
1973,Female,5,MARIA,1753
1974,Female,5,MARIA,1858
1975,Female,5,MARIA,1944
1976,Female,5,MARIA,1927
1977,Female,7,MARIA,1826
1978,Female,8,MARIA,1835
1979,Female,8,MARIA,1939
1980,Female,8,MARIA,2095
1981,Female,8,MARIA,2131
1982,Female,11,MARIA,1972
1983,Female,14,MARIA,1705
1984,Female,18,MARIA,1557
1985,Female,19,MARIA,1566
1986,Female,18,MARIA,1655
1987,Female,21,MARIA,1499
1988,Female,22,MARIA,1529
1989,Female,16,MARIA,1869
1990,Female,13,MARIA,2291
1991,Female,11,MARIA,2273
1992,Female,11,MARIA,2273
1993,Female,12,MARIA,2131
1994,Female,12,MARIA,1965
1995,Female,11,MARIA,1949
1996,Female,10,MARIA,2077
1997,Female,11,MARIA,1821
1998,Female,14,MARIA,1619
1999,Female,15,MARIA,1569
2000,Female,16,MARIA,1465
2001,Female,20,MARIA,1357
2002,Female,19,MARIA,1306
2003,Female,23,MARIA,1249
1960,Male,6,MARK,5389
1961,Male,6,MARK,5339
1962,Male,6,MARK,4911
1963,Male,6,MARK,4651
1964,Male,7,MARK,3978
1965,Male,7,MARK,3433
1966,Male,8,MARK,3166
1967,Male,7,MARK,3130
1968,Male,8,MARK,3096
1969,Male,9,MARK,2889
1970,Male,13,MARK,2689
1971,Male,17,MARK,2025
1972,Male,17,MARK,1754
1973,Male,16,MARK,1739
1974,Male,20,MARK,1626
1975,Male,22,MARK,1427
1976,Male,24,MARK,1369
1960,Female,2,MARY,3248
1961,Female,4,MARY,2973
1962,Female,4,MARY,2924
1963,Female,3,MARY,2788
1964,Female,2,MARY,2892
1965,Female,5,MARY,2293
1966,Female,7,MARY,1924
1967,Female,8,MARY,1691
1968,Female,11,MARY,1470
1969,Female,13,MARY,1385
1970,Female,20,MARY,1272
1971,Female,22,MARY,1025
1972,Female,22,MARY,920
1973,Female,24,MARY,792
2011,Male,19,MASON,1830
2012,Male,17,MASON,1825
2013,Male,18,MASON,1740
2014,Male,18,MASON,1819
2015,Male,18,MASON,1694
2016,Male,25,MASON,1521
2018,Male,25,MASON,1302
2019,Male,23,MASON,1233
2016,Male,12,MATEO,1848
2017,Male,8,MATEO,2007
2018,Male,4,MATEO,2104
2019,Male,3,MATEO,2222
2020,Male,3,MATEO,2078
2021,Male,3,MATEO,2125
1968,Male,22,MATTHEW,1773
1969,Male,22,MATTHEW,1957
1970,Male,19,MATTHEW,2146
1971,Male,13,MATTHEW,2305
1972,Male,12,MATTHEW,2220
1973,Male,10,MATTHEW,2252
1974,Male,10,MATTHEW,2527
1975,Male,9,MATTHEW,2583
1976,Male,9,MATTHEW,2738
1977,Male,9,MATTHEW,2850
1978,Male,8,MATTHEW,3007
1979,Male,8,MATTHEW,2982
1980,Male,7,MATTHEW,3350
1981,Male,5,MATTHEW,3831
1982,Male,5,MATTHEW,4065
1983,Male,5,MATTHEW,4660
1984,Male,5,MATTHEW,4683
1985,Male,5,MATTHEW,4491
1986,Male,5,MATTHEW,4664
1987,Male,5,MATTHEW,4684
1988,Male,5,MATTHEW,4858
1989,Male,5,MATTHEW,4664
1990,Male,6,MATTHEW,4805
1991,Male,6,MATTHEW,4414
1992,Male,7,MATTHEW,4008
1993,Male,8,MATTHEW,3743
1994,Male,8,MATTHEW,3521
1995,Male,8,MATTHEW,3502
1996,Male,9,MATTHEW,3309
1997,Male,9,MATTHEW,3198
1998,Male,8,MATTHEW,3413
1999,Male,8,MATTHEW,3285
2000,Male,10,MATTHEW,3238
2001,Male,9,MATTHEW,3069
2002,Male,9,MATTHEW,3071
2003,Male,10,MATTHEW,2967
2004,Male,9,MATTHEW,2855
2005,Male,9,MATTHEW,2850
2006,Male,11,MATTHEW,2739
2007,Male,12,MATTHEW,2574
2008,Male,11,MATTHEW,2535
2009,Male,9,MATTHEW,2420
2010,Male,11,MATTHEW,2216
2011,Male,5,MATTHEW,2459
2012,Male,5,MATTHEW,2624
2013,Male,5,MATTHEW,2553
2014,Male,6,MATTHEW,2468
2015,Male,5,MATTHEW,2423
2016,Male,2,MATTHEW,2410
2017,Male,5,MATTHEW,2132
2018,Male,11,MATTHEW,1703
2019,Male,13,MATTHEW,1566
2020,Male,13,MATTHEW,1345
2021,Male,17,MATTHEW,1181
2021,Female,24,MAYA,776
1983,Female,19,MEGAN,1341
1984,Female,15,MEGAN,1596
1985,Female,14,MEGAN,1858
1986,Female,16,MEGAN,1668
1987,Female,18,MEGAN,1662
1988,Female,19,MEGAN,1695
1989,Female,17,MEGAN,1800
1990,Female,16,MEGAN,1986
1991,Female,16,MEGAN,1863
1992,Female,17,MEGAN,1627
1993,Female,25,MEGAN,1437
1994,Female,21,MEGAN,1474
1995,Female,19,MEGAN,1435
1996,Female,24,MEGAN,1317
1997,Female,24,MEGAN,1315
2012,Female,23,MELANIE,886
2013,Female,22,MELANIE,876
2014,Female,23,MELANIE,918
1968,Female,22,MELISSA,1158
1969,Female,18,MELISSA,1269
1970,Female,17,MELISSA,1296
1971,Female,16,MELISSA,1266
1972,Female,14,MELISSA,1260
1973,Female,9,MELISSA,1400
1974,Female,9,MELISSA,1489
1975,Female,7,MELISSA,1687
1976,Female,6,MELISSA,1885
1977,Female,4,MELISSA,2196
1978,Female,2,MELISSA,2437
1979,Female,2,MELISSA,2979
1980,Female,2,MELISSA,2973
1981,Female,4,MELISSA,2817
1982,Female,4,MELISSA,2730
1983,Female,3,MELISSA,2643
1984,Female,5,MELISSA,2549
1985,Female,7,MELISSA,2509
1986,Female,8,MELISSA,2394
1987,Female,8,MELISSA,2536
1988,Female,9,MELISSA,2536
1989,Female,11,MELISSA,2438
1990,Female,10,MELISSA,2422
1991,Female,9,MELISSA,2532
1992,Female,12,MELISSA,2272
1993,Female,13,MELISSA,2110
1994,Female,15,MELISSA,1858
1995,Female,12,MELISSA,1752
1996,Female,14,MELISSA,1719
1997,Female,14,MELISSA,1717
1998,Female,20,MELISSA,1355
1999,Female,23,MELISSA,1251
2003,Female,25,MIA,1226
2004,Female,21,MIA,1272
2005,Female,5,MIA,2184
2006,Female,4,MIA,2440
2007,Female,6,MIA,2060
2008,Female,7,MIA,1844
2009,Female,4,MIA,2102
2010,Female,4,MIA,2008
2011,Female,4,MIA,2301
2012,Female,5,MIA,2315
2013,Female,3,MIA,2586
2014,Female,4,MIA,2619
2015,Female,2,MIA,2856
2016,Female,1,MIA,2792
2017,Female,2,MIA,2581
2018,Female,2,MIA,2495
2019,Female,3,MIA,2364
2020,Female,4,MIA,2047
2021,Female,4,MIA,2039
1960,Male,1,MICHAEL,8770
1961,Male,1,MICHAEL,9444
1962,Male,1,MICHAEL,9336
1963,Male,1,MICHAEL,9136
1964,Male,1,MICHAEL,8899
1965,Male,1,MICHAEL,8632
1966,Male,1,MICHAEL,8164
1967,Male,1,MICHAEL,8588
1968,Male,1,MICHAEL,8454
1969,Male,1,MICHAEL,8544
1970,Male,1,MICHAEL,8411
1971,Male,1,MICHAEL,7006
1972,Male,1,MICHAEL,6476
1973,Male,1,MICHAEL,5960
1974,Male,1,MICHAEL,6159
1975,Male,1,MICHAEL,6278
1976,Male,1,MICHAEL,6196
1977,Male,1,MICHAEL,6387
1978,Male,1,MICHAEL,6546
1979,Male,1,MICHAEL,6589
1980,Male,1,MICHAEL,6905
1981,Male,1,MICHAEL,7221
1982,Male,1,MICHAEL,7155
1983,Male,1,MICHAEL,7424
1984,Male,1,MICHAEL,7482
1985,Male,1,MICHAEL,7261
1986,Male,1,MICHAEL,7278
1987,Male,1,MICHAEL,7448
1988,Male,1,MICHAEL,7815
1989,Male,1,MICHAEL,7783
1990,Male,1,MICHAEL,8093
1991,Male,1,MICHAEL,7456
1992,Male,1,MICHAEL,6488
1993,Male,1,MICHAEL,5692
1994,Male,2,MICHAEL,4998
1995,Male,2,MICHAEL,4674
1996,Male,3,MICHAEL,4292
1997,Male,2,MICHAEL,4244
1998,Male,3,MICHAEL,4118
1999,Male,4,MICHAEL,3721
2000,Male,5,MICHAEL,3538
2001,Male,7,MICHAEL,3266
2002,Male,7,MICHAEL,3205
2003,Male,9,MICHAEL,3087
2004,Male,10,MICHAEL,2847
2005,Male,10,MICHAEL,2742
2006,Male,12,MICHAEL,2718
2007,Male,13,MICHAEL,2548
2008,Male,14,MICHAEL,2505
2009,Male,12,MICHAEL,2338
2010,Male,14,MICHAEL,2088
2011,Male,13,MICHAEL,2095
2012,Male,12,MICHAEL,1988
2013,Male,11,MICHAEL,1969
2014,Male,11,MICHAEL,1989
2015,Male,13,MICHAEL,1857
2016,Male,13,MICHAEL,1764
2017,Male,22,MICHAEL,1507
2018,Male,21,MICHAEL,1354
2019,Male,22,MICHAEL,1238
2020,Male,25,MICHAEL,1077
2021,Male,21,MICHAEL,1093
1966,Female,20,MICHELE,1178
1967,Female,24,MICHELE,1079
1968,Female,21,MICHELE,1185
1969,Female,25,MICHELE,1062
1978,Female,4,MICHELLE,2262
1979,Female,4,MICHELLE,2376
1980,Female,5,MICHELLE,2375
1981,Female,5,MICHELLE,2409
1982,Female,5,MICHELLE,2446
1983,Female,7,MICHELLE,2357
1984,Female,11,MICHELLE,2200
1985,Female,11,MICHELLE,2077
1986,Female,12,MICHELLE,1962
1987,Female,11,MICHELLE,2081
1988,Female,12,MICHELLE,2273
1989,Female,12,MICHELLE,2341
1990,Female,11,MICHELLE,2417
1991,Female,10,MICHELLE,2282
1992,Female,9,MICHELLE,2343
1993,Female,11,MICHELLE,2152
1994,Female,16,MICHELLE,1841
1995,Female,17,MICHELLE,1583
1996,Female,17,MICHELLE,1488
1997,Female,23,MICHELLE,1330
1998,Female,24,MICHELLE,1285
1999,Female,22,MICHELLE,1267
2000,Female,22,MICHELLE,1360
2001,Female,24,MICHELLE,1193
2002,Female,21,MICHELLE,1277
2003,Female,24,MICHELLE,1239
2004,Female,24,MICHELLE,1154
1962,Female,25,MICHELLE*,1383
1963,Female,24,MICHELLE*,1486
1964,Female,15,MICHELLE*,1637
1965,Female,13,MICHELLE*,1704
1966,Female,2,MICHELLE*,3053
1967,Female,2,MICHELLE*,3424
1968,Female,2,MICHELLE*,3610
1969,Female,2,MICHELLE*,3608
1970,Female,3,MICHELLE*,3541
1971,Female,2,MICHELLE*,3167
1972,Female,2,MICHELLE*,2770
1973,Female,2,MICHELLE*,2479
1974,Female,2,MICHELLE*,2510
1975,Female,3,MICHELLE*,2230
1976,Female,4,MICHELLE*,2061
1977,Female,5,MICHELLE*,2195
2017,Female,19,MILA,1052
2018,Female,14,MILA,1294
2019,Female,15,MILA,1219
2020,Female,17,MILA,1008
2021,Female,14,MILA,1072
1972,Female,21,MONICA,965
1973,Female,20,MONICA,984
1974,Female,21,MONICA,1017
1975,Female,20,MONICA,1006
1976,Female,20,MONICA,1118
1977,Female,18,MONICA,1170
1978,Female,20,MONICA,1130
1979,Female,19,MONICA,1232
1980,Female,24,MONICA,1142
1981,Female,25,MONICA,1230
1960,Female,22,NANCY,1569
1961,Female,23,NANCY,1517
2020,Female,20,NATALIA,854
2021,Female,17,NATALIA,952
1996,Female,23,NATALIE,1332
1997,Female,21,NATALIE,1340
1998,Female,15,NATALIE,1526
1999,Female,14,NATALIE,1645
2000,Female,14,NATALIE,1578
2001,Female,7,NATALIE,1715
2002,Female,10,NATALIE,1638
2003,Female,7,NATALIE,1817
2004,Female,5,NATALIE,1942
2005,Female,6,NATALIE,2040
2006,Female,6,NATALIE,2223
2007,Female,7,NATALIE,1908
2008,Female,6,NATALIE,1875
2009,Female,6,NATALIE,1729
2010,Female,9,NATALIE,1466
2011,Female,10,NATALIE,1488
2012,Female,13,NATALIE,1290
2013,Female,13,NATALIE,1138
2014,Female,16,NATALIE,1066
2015,Female,22,NATALIE,938
2002,Male,24,NATHAN,1934
2003,Male,19,NATHAN,2113
2004,Male,17,NATHAN,2305
2005,Male,15,NATHAN,2401
2006,Male,15,NATHAN,2444
2007,Male,16,NATHAN,2452
2008,Male,13,NATHAN,2516
2009,Male,13,NATHAN,2334
2010,Male,10,NATHAN,2262
2011,Male,10,NATHAN,2242
2012,Male,9,NATHAN,2230
2013,Male,9,NATHAN,2075
2014,Male,16,NATHAN,1865
2015,Male,14,NATHAN,1855
2016,Male,16,NATHAN,1693
2017,Male,19,NATHAN,1518
2018,Male,22,NATHAN,1335
2020,Male,22,NATHAN,1099
1978,Male,19,NICHOLAS,1785
1979,Male,17,NICHOLAS,2071
1980,Male,19,NICHOLAS,2073
1981,Male,20,NICHOLAS,2048
1982,Male,19,NICHOLAS,2253
1983,Male,20,NICHOLAS,2283
1984,Male,18,NICHOLAS,2478
1985,Male,18,NICHOLAS,2654
1986,Male,16,NICHOLAS,2685
1987,Male,19,NICHOLAS,2700
1988,Male,16,NICHOLAS,3099
1989,Male,14,NICHOLAS,3244
1990,Male,14,NICHOLAS,3457
1991,Male,15,NICHOLAS,3188
1992,Male,15,NICHOLAS,3053
1993,Male,13,NICHOLAS,3096
1994,Male,16,NICHOLAS,2831
1995,Male,14,NICHOLAS,2963
1996,Male,14,NICHOLAS,2829
1997,Male,14,NICHOLAS,2610
1998,Male,13,NICHOLAS,2744
1999,Male,13,NICHOLAS,2517
2000,Male,14,NICHOLAS,2569
2001,Male,16,NICHOLAS,2309
2002,Male,20,NICHOLAS,2190
2003,Male,23,NICHOLAS,2003
2004,Male,23,NICHOLAS,1998
1970,Female,24,NICOLE,1155
1971,Female,21,NICOLE,1026
1972,Female,7,NICOLE,1499
1973,Female,12,NICOLE,1286
1974,Female,15,NICOLE,1171
1975,Female,12,NICOLE,1349
1976,Female,11,NICOLE,1454
1977,Female,12,NICOLE,1556
1978,Female,7,NICOLE,1891
1979,Female,5,NICOLE,2168
1980,Female,6,NICOLE,2212
1981,Female,6,NICOLE,2315
1982,Female,6,NICOLE,2379
1983,Female,5,NICOLE,2619
1984,Female,4,NICOLE,2636
1985,Female,5,NICOLE,2878
1986,Female,7,NICOLE,2697
1987,Female,7,NICOLE,2540
1988,Female,8,NICOLE,2582
1989,Female,10,NICOLE,2469
1990,Female,12,NICOLE,2301
1991,Female,13,NICOLE,2170
1992,Female,10,NICOLE,2315
1993,Female,10,NICOLE,2163
1994,Female,11,NICOLE,2090
1995,Female,21,NICOLE,1405
1998,Female,25,NICOLE,1273
1999,Female,24,NICOLE,1208
2000,Female,25,NICOLE,1162
2007,Male,25,NOAH,1936
2008,Male,22,NOAH,1933
2009,Male,19,NOAH,2050
2010,Male,13,NOAH,2114
2011,Male,11,NOAH,2215
2012,Male,6,NOAH,2502
2013,Male,6,NOAH,2542
2014,Male,1,NOAH,2766
2015,Male,1,NOAH,2754
2016,Male,1,NOAH,2687
2017,Male,1,NOAH,2513
2018,Male,1,NOAH,2578
2019,Male,1,NOAH,2686
2020,Male,1,NOAH,2640
2021,Male,1,NOAH,2621
2016,Male,23,OLIVER,1547
2017,Male,16,OLIVER,1561
2018,Male,14,OLIVER,1509
2019,Male,12,OLIVER,1613
2020,Male,10,OLIVER,1541
2021,Male,7,OLIVER,1534
2004,Female,25,OLIVIA,1149
2006,Female,20,OLIVIA,1209
2007,Female,16,OLIVIA,1335
2008,Female,11,OLIVIA,1418
2009,Female,10,OLIVIA,1550
2010,Female,7,OLIVIA,1630
2011,Female,6,OLIVIA,1785
2012,Female,6,OLIVIA,1899
2013,Female,6,OLIVIA,2152
2014,Female,5,OLIVIA,2411
2015,Female,4,OLIVIA,2515
2016,Female,4,OLIVIA,2537
2017,Female,3,OLIVIA,2479
2018,Female,3,OLIVIA,2465
2019,Female,1,OLIVIA,2613
2020,Female,1,OLIVIA,2352
2021,Female,1,OLIVIA,2411
1960,Female,13,PAMELA,1839
1961,Female,17,PAMELA,1778
1962,Female,16,PAMELA,1751
1963,Female,18,PAMELA,1656
1964,Female,20,PAMELA,1458
1965,Female,25,PAMELA,1157
1960,Female,8,PATRICIA*,2668
1961,Female,7,PATRICIA*,2522
1962,Female,8,PATRICIA*,2302
1963,Female,7,PATRICIA*,2269
1964,Female,7,PATRICIA*,2363
1965,Female,7,PATRICIA*,2160
1966,Female,10,PATRICIA*,1757
1967,Female,10,PATRICIA*,1675
1968,Female,8,PATRICIA*,1528
1969,Female,10,PATRICIA*,1520
1970,Female,15,PATRICIA*,1355
1971,Female,17,PATRICIA*,1199
1972,Female,19,PATRICIA*,1010
1973,Female,21,PATRICIA*,913
1974,Female,22,PATRICIA*,1001
1975,Female,19,PATRICIA*,1025
1960,Male,21,PAUL,2136
1961,Male,21,PAUL,2162
1962,Male,21,PAUL,2157
1963,Male,20,PAUL,2312
1964,Male,16,PAUL,2408
1965,Male,17,PAUL,2281
1966,Male,15,PAUL,2217
1967,Male,18,PAUL,2157
1968,Male,17,PAUL,2184
1969,Male,19,PAUL,2135
1970,Male,22,PAUL,1972
1971,Male,22,PAUL,1648
1972,Male,22,PAUL,1438
1973,Male,22,PAUL,1298
1974,Male,25,PAUL,1209
2015,Female,19,PENELOPE,989
2016,Female,15,PENELOPE,1059
2017,Female,16,PENELOPE,1086
2018,Female,18,PENELOPE,1075
2019,Female,17,PENELOPE,1109
2020,Female,18,PENELOPE,969
2021,Female,20,PENELOPE,911
1983,Female,25,RACHEL,1264
1984,Female,21,RACHEL,1428
1985,Female,20,RACHEL,1507
1986,Female,21,RACHEL,1507
1987,Female,22,RACHEL,1498
1988,Female,23,RACHEL,1494
1989,Female,19,RACHEL,1514
1990,Female,23,RACHEL,1530
1991,Female,19,RACHEL,1634
1992,Female,22,RACHEL,1475
1993,Female,20,RACHEL,1540
1994,Female,22,RACHEL,1450
1995,Female,18,RACHEL,1441
1996,Female,19,RACHEL,1430
1971,Female,20,REBECCA,1033
1972,Female,18,REBECCA,1126
1973,Female,13,REBECCA,1279
1974,Female,14,REBECCA,1190
1975,Female,16,REBECCA,1150
1976,Female,16,REBECCA,1254
1977,Female,19,REBECCA,1153
1978,Female,17,REBECCA,1213
1979,Female,18,REBECCA,1235
1980,Female,17,REBECCA,1370
1981,Female,15,REBECCA,1460
1982,Female,19,REBECCA,1373
1983,Female,21,REBECCA,1334
1984,Female,25,REBECCA,1255
1989,Female,24,REBECCA,1442
1990,Female,21,REBECCA,1553
1991,Female,24,REBECCA,1459
1992,Female,24,REBECCA,1406
1960,Male,7,RICHARD,4436
1961,Male,8,RICHARD,4186
1962,Male,7,RICHARD,4340
1963,Male,7,RICHARD,4568
1964,Male,6,RICHARD,4368
1965,Male,6,RICHARD,4114
1966,Male,6,RICHARD,3767
1967,Male,6,RICHARD,3680
1968,Male,6,RICHARD,3560
1969,Male,7,RICHARD,3363
1970,Male,8,RICHARD,3258
1971,Male,8,RICHARD,2723
1972,Male,10,RICHARD,2326
1973,Male,11,RICHARD,2115
1974,Male,11,RICHARD,1959
1975,Male,12,RICHARD,1965
1976,Male,16,RICHARD,1938
1977,Male,15,RICHARD,2087
1978,Male,17,RICHARD,1944
1979,Male,18,RICHARD,2046
1980,Male,17,RICHARD,2124
1981,Male,18,RICHARD,2194
1982,Male,20,RICHARD,2248
1983,Male,22,RICHARD,2199
1984,Male,23,RICHARD,2165
1985,Male,23,RICHARD,2227
1986,Male,24,RICHARD,2129
1987,Male,25,RICHARD,2141
1988,Male,25,RICHARD,2160
1989,Male,24,RICHARD,2237
1960,Male,3,ROBERT,6798
1961,Male,3,ROBERT,7054
1962,Male,3,ROBERT,7031
1963,Male,3,ROBERT,7132
1964,Male,4,ROBERT,7108
1965,Male,3,ROBERT,6352
1966,Male,3,ROBERT,5973
1967,Male,3,ROBERT,5569
1968,Male,3,ROBERT,5909
1969,Male,3,ROBERT,6051
1970,Male,3,ROBERT,5607
1971,Male,3,ROBERT,4585
1972,Male,5,ROBERT,3916
1973,Male,5,ROBERT,3498
1974,Male,5,ROBERT,3477
1975,Male,5,ROBERT,3437
1976,Male,5,ROBERT,3385
1977,Male,6,ROBERT,3365
1978,Male,6,ROBERT,3332
1979,Male,6,ROBERT,3438
1980,Male,6,ROBERT,3492
1981,Male,6,ROBERT,3743
1982,Male,6,ROBERT,3651
1983,Male,6,ROBERT,3599
1984,Male,6,ROBERT,3534
1985,Male,6,ROBERT,3694
1986,Male,7,ROBERT,3711
1987,Male,8,ROBERT,3566
1988,Male,8,ROBERT,3641
1989,Male,10,ROBERT,3699
1990,Male,12,ROBERT,3561
1991,Male,14,ROBERT,3190
1992,Male,17,ROBERT,2824
1993,Male,20,ROBERT,2622
1994,Male,21,ROBERT,2420
1995,Male,22,ROBERT,2213
1996,Male,24,ROBERT,2032
1998,Male,25,ROBERT,1781
1961,Female,25,ROBIN,1378
1960,Male,15,RONALD,2477
1961,Male,14,RONALD,2515
1962,Male,17,RONALD,2426
1963,Male,17,RONALD,2422
1964,Male,20,RONALD,2225
1965,Male,22,RONALD,2023
1966,Male,23,RONALD,1899
1967,Male,23,RONALD,1673
1973,Male,23,RYAN,1284
1974,Male,21,RYAN,1517
1975,Male,16,RYAN,1833
1976,Male,15,RYAN,2004
1977,Male,11,RYAN,2467
1978,Male,14,RYAN,2432
1979,Male,11,RYAN,2871
1980,Male,11,RYAN,2971
1981,Male,10,RYAN,3153
1982,Male,10,RYAN,3123
1983,Male,8,RYAN,3346
1984,Male,8,RYAN,3403
1985,Male,8,RYAN,3566
1986,Male,8,RYAN,3502
1987,Male,9,RYAN,3444
1988,Male,12,RYAN,3381
1989,Male,12,RYAN,3506
1990,Male,11,RYAN,3615
1991,Male,13,RYAN,3281
1992,Male,13,RYAN,3120
1993,Male,12,RYAN,3128
1994,Male,15,RYAN,2860
1995,Male,17,RYAN,2669
1996,Male,18,RYAN,2458
1997,Male,18,RYAN,2344
1998,Male,15,RYAN,2423
1999,Male,14,RYAN,2501
2000,Male,15,RYAN,2549
2001,Male,17,RYAN,2308
2002,Male,16,RYAN,2281
2003,Male,14,RYAN,2560
2004,Male,13,RYAN,2509
2005,Male,17,RYAN,2331
2006,Male,23,RYAN,2049
2007,Male,23,RYAN,1974
2008,Male,25,RYAN,1831
1986,Female,24,SAMANTHA,1402
1987,Female,15,SAMANTHA,1835
1988,Female,13,SAMANTHA,2235
1989,Female,9,SAMANTHA,2577
1990,Female,8,SAMANTHA,2750
1991,Female,7,SAMANTHA,2757
1992,Female,8,SAMANTHA,2501
1993,Female,6,SAMANTHA,2529
1994,Female,5,SAMANTHA,2433
1995,Female,5,SAMANTHA,2413
1996,Female,5,SAMANTHA,2450
1997,Female,5,SAMANTHA,2478
1998,Female,3,SAMANTHA,2665
1999,Female,2,SAMANTHA,2781
2000,Female,3,SAMANTHA,2576
2001,Female,3,SAMANTHA,2518
2002,Female,3,SAMANTHA,2535
2003,Female,3,SAMANTHA,2571
2004,Female,3,SAMANTHA,2479
2005,Female,3,SAMANTHA,2489
2006,Female,5,SAMANTHA,2336
2007,Female,5,SAMANTHA,2366
2008,Female,4,SAMANTHA,2255
2009,Female,5,SAMANTHA,1832
2010,Female,6,SAMANTHA,1669
2011,Female,9,SAMANTHA,1544
2012,Female,9,SAMANTHA,1444
2013,Female,10,SAMANTHA,1403
2014,Female,12,SAMANTHA,1194
2015,Female,14,SAMANTHA,1110
2016,Female,19,SAMANTHA,1009
2017,Female,24,SAMANTHA,871
1960,Female,10,SANDRA,2404
1961,Female,9,SANDRA,2483
1962,Female,10,SANDRA,2157
1963,Female,11,SANDRA,2113
1964,Female,11,SANDRA,1926
1965,Female,15,SANDRA,1638
1966,Female,15,SANDRA,1548
1967,Female,15,SANDRA,1412
1968,Female,18,SANDRA,1301
1969,Female,15,SANDRA,1346
1970,Female,19,SANDRA,1273
1971,Female,18,SANDRA,1107
1972,Female,20,SANDRA,991
1973,Female,22,SANDRA,888
1974,Female,24,SANDRA,963
2019,Male,17,SANTIAGO,1359
2020,Male,16,SANTIAGO,1215
2021,Male,14,SANTIAGO,1264
1980,Female,23,SARA,1206
1974,Female,23,SARAH,973
1975,Female,17,SARAH,1076
1976,Female,12,SARAH,1414
1977,Female,6,SARAH,1884
1978,Female,5,SARAH,2107
1979,Female,6,SARAH,2096
1980,Female,4,SARAH,2548
1981,Female,3,SARAH,2848
1982,Female,3,SARAH,2791
1983,Female,4,SARAH,2621
1984,Female,6,SARAH,2494
1985,Female,10,SARAH,2420
1986,Female,5,SARAH,3006
1987,Female,6,SARAH,2911
1988,Female,6,SARAH,3020
1989,Female,7,SARAH,2968
1990,Female,7,SARAH,2803
1991,Female,8,SARAH,2700
1992,Female,7,SARAH,2647
1993,Female,7,SARAH,2521
1994,Female,7,SARAH,2239
1995,Female,7,SARAH,2231
1996,Female,7,SARAH,2244
1997,Female,7,SARAH,2128
1998,Female,6,SARAH,2129
1999,Female,8,SARAH,1965
2000,Female,8,SARAH,1847
2001,Female,11,SARAH,1592
2002,Female,12,SARAH,1549
2003,Female,15,SARAH,1417
2004,Female,19,SARAH,1305
2005,Female,20,SARAH,1212
2006,Female,24,SARAH,1154
2013,Female,25,SCARLETT,820
2014,Female,20,SCARLETT,966
2015,Female,16,SCARLETT,1054
2016,Female,14,SCARLETT,1114
2017,Female,15,SCARLETT,1104
2018,Female,19,SCARLETT,954
2019,Female,19,SCARLETT,957
2020,Female,22,SCARLETT,813
2021,Female,21,SCARLETT,833
1960,Male,25,SCOTT,1893
1961,Male,23,SCOTT,2117
1962,Male,13,SCOTT,2753
1963,Male,13,SCOTT,2682
1964,Male,17,SCOTT,2336
1965,Male,21,SCOTT,2054
1966,Male,20,SCOTT,2044
1967,Male,17,SCOTT,2163
1968,Male,15,SCOTT,2303
1969,Male,16,SCOTT,2372
1970,Male,16,SCOTT,2332
1971,Male,15,SCOTT,2286
1972,Male,18,SCOTT,1753
1973,Male,20,SCOTT,1513
1974,Male,22,SCOTT,1511
1975,Male,21,SCOTT,1463
1976,Male,25,SCOTT,1328
1977,Male,24,SCOTT,1365
2013,Male,21,SEBASTIAN,1661
2014,Male,9,SEBASTIAN,2029
2015,Male,8,SEBASTIAN,2073
2016,Male,5,SEBASTIAN,2265
2017,Male,2,SEBASTIAN,2267
2018,Male,3,SEBASTIAN,2217
2019,Male,4,SEBASTIAN,2154
2020,Male,4,SEBASTIAN,2000
2021,Male,4,SEBASTIAN,2056
1969,Female,14,SHANNON,1373
1970,Female,9,SHANNON,1615
1971,Female,9,SHANNON,1392
1972,Female,17,SHANNON,1172
1973,Female,16,SHANNON,1068
1974,Female,17,SHANNON,1105
1975,Female,22,SHANNON,974
1976,Female,17,SHANNON,1208
1977,Female,21,SHANNON,1123
1978,Female,23,SHANNON,1047
2007,Female,18,SOFIA,1318
2008,Female,17,SOFIA,1328
2009,Female,15,SOFIA,1231
2010,Female,11,SOFIA,1395
2011,Female,7,SOFIA,1566
2012,Female,7,SOFIA,1679
2013,Female,7,SOFIA,1977
2014,Female,7,SOFIA,2094
2015,Female,7,SOFIA,2014
2016,Female,7,SOFIA,1897
2017,Female,8,SOFIA,1677
2018,Female,7,SOFIA,1508
2019,Female,10,SOFIA,1408
2020,Female,9,SOFIA,1282
2021,Female,9,SOFIA,1316
2002,Female,18,SOPHIA,1323
2003,Female,13,SOPHIA,1527
2004,Female,8,SOPHIA,1715
2005,Female,7,SOPHIA,1885
2006,Female,7,SOPHIA,1967
2007,Female,3,SOPHIA,2596
2008,Female,3,SOPHIA,2565
2009,Female,2,SOPHIA,2653
2010,Female,2,SOPHIA,3352
2011,Female,1,SOPHIA,3549
2012,Female,1,SOPHIA,3621
2013,Female,1,SOPHIA,3447
2014,Female,1,SOPHIA,3174
2015,Female,1,SOPHIA,2944
2016,Female,2,SOPHIA,2749
2017,Female,4,SOPHIA,2436
2018,Female,5,SOPHIA,2158
2019,Female,4,SOPHIA,2097
2020,Female,5,SOPHIA,2001
2021,Female,5,SOPHIA,1821
1966,Female,25,STEPHANI*,1102
1967,Female,16,STEPHANI*,1406
1968,Female,15,STEPHANI*,1347
1969,Female,12,STEPHANI*,1432
1970,Female,13,STEPHANI*,1535
1971,Female,13,STEPHANI*,1364
1972,Female,10,STEPHANI*,1421
1973,Female,10,STEPHANI*,1357
1974,Female,11,STEPHANI*,1415
1975,Female,13,STEPHANI*,1340
1976,Female,15,STEPHANI*,1256
1977,Female,15,STEPHANI*,1345
1978,Female,13,STEPHANIE,1394
1979,Female,14,STEPHANIE,1399
1980,Female,11,STEPHANIE,1610
1981,Female,11,STEPHANIE,1922
1982,Female,10,STEPHANIE,1999
1983,Female,8,STEPHANIE,2356
1984,Female,7,STEPHANIE,2459
1985,Female,6,STEPHANIE,2624
1986,Female,6,STEPHANIE,2708
1987,Female,5,STEPHANIE,3101
1988,Female,5,STEPHANIE,3254
1989,Female,5,STEPHANIE,3442
1990,Female,3,STEPHANIE,4007
1991,Female,3,STEPHANIE,3981
1992,Female,3,STEPHANIE,3771
1993,Female,3,STEPHANIE,3403
1994,Female,3,STEPHANIE,2961
1995,Female,3,STEPHANIE,2851
1996,Female,3,STEPHANIE,2620
1997,Female,6,STEPHANIE,2153
1998,Female,10,STEPHANIE,1941
1999,Female,11,STEPHANIE,1754
2000,Female,13,STEPHANIE,1585
2001,Female,15,STEPHANIE,1503
2002,Female,15,STEPHANIE,1463
2003,Female,18,STEPHANIE,1330
2004,Female,22,STEPHANIE,1249
2005,Female,25,STEPHANIE,1153
1960,Male,8,STEVEN,4310
1961,Male,7,STEVEN,4211
1962,Male,8,STEVEN,3914
1963,Male,8,STEVEN,3759
1964,Male,9,STEVEN,3605
1965,Male,8,STEVEN,3362
1966,Male,7,STEVEN,3191
1967,Male,8,STEVEN,3053
1968,Male,9,STEVEN,2972
1969,Male,8,STEVEN,2893
1970,Male,10,STEVEN,2829
1971,Male,14,STEVEN,2302
1972,Male,14,STEVEN,1925
1973,Male,17,STEVEN,1701
1974,Male,17,STEVEN,1763
1975,Male,19,STEVEN,1695
1976,Male,17,STEVEN,1737
1977,Male,20,STEVEN,1696
1978,Male,18,STEVEN,1889
1979,Male,19,STEVEN,1856
1980,Male,20,STEVEN,1886
1981,Male,21,STEVEN,1972
1982,Male,22,STEVEN,2093
1983,Male,21,STEVEN,2255
1984,Male,22,STEVEN,2284
1985,Male,21,STEVEN,2500
1986,Male,20,STEVEN,2437
1987,Male,22,STEVEN,2372
1988,Male,21,STEVEN,2478
1989,Male,20,STEVEN,2476
1990,Male,22,STEVEN,2630
1991,Male,25,STEVEN,2404
1960,Female,1,SUSAN,3299
1961,Female,2,SUSAN,3221
1962,Female,2,SUSAN,3088
1963,Female,2,SUSAN,2920
1964,Female,4,SUSAN,2535
1965,Female,8,SUSAN,1968
1966,Female,9,SUSAN,1789
1967,Female,12,SUSAN,1584
1968,Female,16,SUSAN,1325
1969,Female,21,SUSAN,1199
1967,Female,25,TAMMY,1050
1993,Female,16,TAYLOR,1867
1994,Female,17,TAYLOR,1707
1995,Female,16,TAYLOR,1603
1996,Female,20,TAYLOR,1410
1997,Female,18,TAYLOR,1425
1998,Female,19,TAYLOR,1372
1999,Female,25,TAYLOR,1202
1960,Female,18,TERESA,1709
1961,Female,18,TERESA,1690
1962,Female,19,TERESA,1680
1963,Female,17,TERESA,1673
1964,Female,22,TERESA,1422
1965,Female,21,TERESA,1274
1966,Female,22,TERESA,1159
1960,Male,11,THOMAS,2978
1961,Male,12,THOMAS,2991
1962,Male,12,THOMAS,2902
1963,Male,12,THOMAS,2850
1964,Male,12,THOMAS,2733
1965,Male,13,THOMAS,2476
1966,Male,16,THOMAS,2141
1967,Male,19,THOMAS,2149
1968,Male,18,THOMAS,2129
1969,Male,17,THOMAS,2187
1970,Male,21,THOMAS,2011
1971,Male,21,THOMAS,1678
1972,Male,23,THOMAS,1376
1973,Male,25,THOMAS,1251
1980,Female,16,TIFFANY,1399
1981,Female,17,TIFFANY,1384
1982,Female,15,TIFFANY,1535
1983,Female,18,TIFFANY,1443
1984,Female,19,TIFFANY,1508
1985,Female,24,TIFFANY,1316
1986,Female,25,TIFFANY,1401
1987,Female,23,TIFFANY,1462
1988,Female,17,TIFFANY,1756
1989,Female,23,TIFFANY,1447
1960,Male,13,TIMOTHY,2695
1961,Male,16,TIMOTHY,2405
1962,Male,19,TIMOTHY,2345
1963,Male,21,TIMOTHY,2288
1964,Male,18,TIMOTHY,2293
1965,Male,14,TIMOTHY,2431
1966,Male,13,TIMOTHY,2370
1967,Male,15,TIMOTHY,2325
1968,Male,16,TIMOTHY,2214
1969,Male,21,TIMOTHY,1959
1970,Male,23,TIMOTHY,1787
1971,Male,23,TIMOTHY,1486
1972,Male,24,TIMOTHY,1316
1966,Female,19,TINA,1216
1967,Female,19,TINA,1238
1968,Female,17,TINA,1310
1969,Female,20,TINA,1224
1970,Female,23,TINA,1173
1971,Female,19,TINA,1034
1972,Female,23,TINA,872
1965,Female,24,TRACY,1198
1966,Female,23,TRACY,1133
1967,Female,23,TRACY,1110
1968,Female,25,TRACY,1037
1969,Female,22,TRACY,1159
1970,Female,16,TRACY,1313
1971,Female,24,TRACY,989
1992,Male,23,TYLER,2496
1993,Male,22,TYLER,2460
1994,Male,20,TYLER,2432
1995,Male,21,TYLER,2385
1996,Male,23,TYLER,2072
1997,Male,24,TYLER,1861
1998,Male,24,TYLER,1814
2019,Female,25,VALENTINA,782
2006,Female,22,VALERIA,1203
2008,Female,14,VALERIA,1374
2009,Female,14,VALERIA,1252
2010,Female,22,VALERIA,981
1982,Female,13,VANESSA,1685
1983,Female,16,VANESSA,1517
1984,Female,13,VANESSA,1904
1985,Female,12,VANESSA,2065
1986,Female,11,VANESSA,2028
1987,Female,12,VANESSA,2052
1988,Female,11,VANESSA,2286
1989,Female,13,VANESSA,2283
1990,Female,14,VANESSA,2206
1991,Female,14,VANESSA,2164
1992,Female,13,VANESSA,2165
1993,Female,9,VANESSA,2196
1994,Female,10,VANESSA,2102
1995,Female,10,VANESSA,1959
1996,Female,8,VANESSA,2149
1997,Female,8,VANESSA,1979
1998,Female,8,VANESSA,1965
1999,Female,10,VANESSA,1768
2000,Female,11,VANESSA,1628
2001,Female,17,VANESSA,1440
2002,Female,22,VANESSA,1258
2003,Female,19,VANESSA,1327
2004,Female,20,VANESSA,1302
2005,Female,24,VANESSA,1154
2007,Female,21,VANESSA,1209
2008,Female,25,VANESSA,1030
1978,Female,19,VERONICA,1162
1979,Female,21,VERONICA,1176
1980,Female,18,VERONICA,1355
1981,Female,24,VERONICA,1245
1982,Female,23,VERONICA,1283
1973,Female,18,VERONICA*,1060
1974,Female,13,VERONICA*,1193
1975,Female,15,VERONICA*,1239
1976,Female,18,VERONICA*,1192
1977,Female,17,VERONICA*,1172
1993,Female,21,VICTORIA,1539
1994,Female,23,VICTORIA,1423
1996,Female,21,VICTORIA,1360
1997,Female,17,VICTORIA,1440
1998,Female,17,VICTORIA,1419
1999,Female,16,VICTORIA,1456
2000,Female,23,VICTORIA,1288
2001,Female,25,VICTORIA,1188
2002,Female,23,VICTORIA,1211
2007,Female,25,VICTORIA,1141
2008,Female,20,VICTORIA,1145
2009,Female,23,VICTORIA,1002
2010,Female,16,VICTORIA,1071
2011,Female,13,VICTORIA,1279
2012,Female,12,VICTORIA,1305
2013,Female,11,VICTORIA,1379
2014,Female,8,VICTORIA,1701
2015,Female,9,VICTORIA,1570
2016,Female,11,VICTORIA,1552
2017,Female,11,VICTORIA,1487
2018,Female,9,VICTORIA,1463
2019,Female,11,VICTORIA,1326
2020,Female,15,VICTORIA,1041
2021,Female,18,VICTORIA,942
1967,Female,21,WENDY,1113
1968,Female,23,WENDY,1084
1960,Male,9,WILLIAM,3943
1961,Male,9,WILLIAM,3763
1962,Male,9,WILLIAM,3727
1963,Male,9,WILLIAM,3662
1964,Male,8,WILLIAM,3615
1965,Male,9,WILLIAM,3158
1966,Male,9,WILLIAM,2938
1967,Male,9,WILLIAM,2901
1968,Male,10,WILLIAM,2867
1969,Male,11,WILLIAM,2745
1970,Male,9,WILLIAM,2831
1971,Male,12,WILLIAM,2387
1972,Male,13,WILLIAM,2011
1973,Male,13,WILLIAM,1840
1974,Male,16,WILLIAM,1780
1975,Male,18,WILLIAM,1703
1976,Male,19,WILLIAM,1699
1977,Male,19,WILLIAM,1718
1978,Male,20,WILLIAM,1701
1979,Male,20,WILLIAM,1738
1980,Male,23,WILLIAM,1723
1981,Male,24,WILLIAM,1787
1982,Male,23,WILLIAM,2000
1983,Male,24,WILLIAM,2094
1984,Male,25,WILLIAM,1992
1985,Male,25,WILLIAM,2073
1989,Male,25,WILLIAM,2204
2018,Male,24,WILLIAM,1303
2011,Female,25,ZOE,899
2012,Female,19,ZOE,986
2013,Female,21,ZOE,894
2014,Female,22,ZOE,923
2015,Female,20,ZOE,957
2016,Female,24,ZOE,909
2017,Female,22,ZOE,886
2018,Female,24,ZOE,839
2019,Female,24,ZOE,829
2020,Female,24,ZOE,783
2021,Female,25,ZOE,770
